District code,State name,District name,Population,Male,Female,Male_Literate,Female_Literate,Literate,Age_Group_0_29,Age_Group_30_49,Age_Group_50,Age not stated,Households with any usual member covered under a health insurance/financing sche,Female Blood sugar level  high or very high (>140 mg/dl) or taking medicine to c,Male Blood sugar level  high or very high (>140 mg/dl) or taking medicine to con,Female Mildly elevated blood pressure (Systolic 140-159 mm of Hg and/or Diastoli,Female Moderately or severely elevated blood pressure (%),Female Elevated blood pressure or taking medicine to control blood pressure (%),Male Mildly elevated blood pressure (Systolic 140-159 mm of Hg and/or Diastolic ,Male Moderately or severely elevated blood pressure (%),Male Elevated blood pressure or taking medicine to control blood pressure (%),Women age 15 years and above who use any kind of tobacco (%),Men age 15 years and above who use any kind of tobacco (%),Average GDP,total facilities
1,jammu and kashmir,kupwara,870354,474190,396164,282823,156831,439654,600759,178435,89679,1481,10.4,6.5,7.9,10.5,2.1,18.1,11.5,2.7,18.9,6.8,49.8,,
2,jammu and kashmir,badgam,753745,398041,355704,207741,127908,335649,503223,160933,88978,611,5.2,7.3,6.9,10.9,4.5,19.9,11,3.7,18.6,5.4,42.9,,
3,jammu and kashmir,leh(ladakh),133487,78971,54516,62834,30936,93770,70703,41515,21019,250,16.2,6.1,6.4,8.7,0.7,12.8,9.2,0.8,14.7,4.4,39.5,,
4,jammu and kashmir,kargil,140802,77785,63017,56301,29935,86236,87532,35561,17488,221,13.6,7.3,10.2,12,2.7,18.7,13.2,3.8,20.1,1.9,31.9,113172.8571,100
5,jammu and kashmir,punch,476835,251899,224936,163333,98391,261724,304979,109818,61334,704,11.1,7.8,7,11.4,1.9,17.9,11.7,1.6,16.3,2.3,38.8,,
6,jammu and kashmir,rajouri,642415,345351,297064,224469,139640,364109,404903,153165,83319,1028,16.4,8,8.4,11.3,2.7,16.5,9.6,2.4,13.8,3.2,44.8,,
7,jammu and kashmir,kathua,616435,326109,290326,228499,160705,389204,357864,160123,97684,764,7,12.4,11.8,15.3,1.9,18.9,19.4,2.2,23.6,2.1,33.3,71263.71429,165
8,jammu and kashmir,baramula,1008039,534733,473306,337170,207979,545149,636524,239659,130513,1343,6.5,10,8.3,13.6,3.9,23.7,11.7,3.2,19,6.5,34.7,,
9,jammu and kashmir,bandipore,392232,207680,184552,117058,68921,185979,252378,90465,48802,587,9.1,8.7,8,8.8,5,21.4,8.7,3.3,17.4,9.1,40.1,1067304.571,157
10,jammu and kashmir,srinagar,1236829,651124,585705,431746,316838,748584,693238,351561,190330,1700,17.9,7.4,5.7,9.9,1.6,20.1,10.4,1.6,18.1,1.9,36.5,,
11,jammu and kashmir,ganderbal,297446,158720,138726,90581,52695,143276,194165,66945,35911,425,8.3,9.7,7.8,10.7,3.2,21.5,10.9,3,19.1,6.3,36.3,,325
12,jammu and kashmir,pulwama,560440,293064,267376,178326,115632,293958,342601,137032,80111,696,9.9,7.2,4.8,14.2,4,22.6,14.1,2.3,19.1,3.3,41.2,,
13,jammu and kashmir,shupiyan,266215,136480,129735,80355,56145,136500,170086,60752,35158,219,8.4,5.4,5.1,11.5,1.4,15.1,11.5,1.1,14.2,5,47,,
14,jammu and kashmir,anantnag,1078692,559767,518925,324417,221115,545532,704145,239988,133519,1040,7.3,10.4,9.9,11.5,3.8,20,11.5,3.7,19.4,2.9,47,,
15,jammu and kashmir,kulgam,424483,217620,206863,125052,84033,209085,266858,99870,57253,502,4.2,6.4,6.1,19.4,3.1,25.8,15.9,2.2,19.9,3.3,37.7,138133.7143,288
16,jammu and kashmir,doda,409936,213641,196295,138620,80463,219083,263576,93189,52744,427,7.6,9.9,9.9,12.6,3.9,23.1,14.6,3.3,21.5,3.2,37.1,,
17,jammu and kashmir,ramban,283713,149132,134581,82938,41127,124065,188526,61604,33220,363,9.2,7.5,5.5,11.5,2,17.5,11.1,1.7,15.7,2.8,36.4,,4
18,jammu and kashmir,kishtwar,230696,120165,110531,68700,38806,107506,145931,53415,31084,266,16.4,5.3,6.8,4.3,2.2,13.2,5.3,1.7,13.3,3.5,41.3,,
19,jammu and kashmir,udhampur,554985,296784,258201,197543,124811,322354,339145,140785,74757,298,16.8,9.9,8.8,12.9,3.4,20.1,13,2.7,18.3,4.7,45.2,105925.4286,644
20,jammu and kashmir,reasi,314667,166461,148206,93937,56605,150542,203967,70767,39743,190,11.2,7.1,7.1,11,1.2,15.4,13.3,1.1,17.6,4,41.7,,
21,jammu and kashmir,jammu,1529958,813821,716137,641916,495219,1137135,816827,435895,275585,1651,23.3,9.9,8.6,10.4,3.6,20.5,13.3,3.9,22.6,0.8,25.7,,
22,jammu and kashmir,samba,318898,169124,149774,130312,97827,228139,177277,88246,53022,353,19,10.3,11.2,11.6,4,21.1,12.4,5.1,21.5,3,38.9,,
23,himachal pradesh,chamba,519080,261320,257760,186064,137778,323842,306555,130606,81566,353,26.8,10.6,11.5,11.9,3.5,17.8,19.3,2.8,23.2,2.5,40.3,20919.85714,119
24,himachal pradesh,kangra,1510075,750591,759484,606443,546197,1152640,766581,419172,319420,4902,36.4,16.4,15.7,13.4,6.8,24.9,17.5,5.1,26.6,1.2,32.9,76951.14286,416
25,himachal pradesh,lahul and spiti,31564,16588,14976,12897,8948,21845,15928,9181,6200,255,31.2,6.7,8.5,8.7,3.6,15,11.6,5.6,19.2,1.7,33.5,3157.285714,
26,himachal pradesh,kullu,437903,225452,212451,174550,133122,307672,244727,120510,72282,384,26.8,9.4,9.1,10.3,2.9,17.4,15.1,3.6,20.6,1.4,33.6,24493.42857,
27,himachal pradesh,mandi,999777,498065,501712,393669,330078,723747,524285,279321,194661,1510,41.3,13.2,15.3,10.8,4.2,20.8,15.7,4.7,23.8,1.4,31.7,41707.57143,
28,himachal pradesh,hamirpur,454768,217070,237698,180555,177536,358091,224044,123941,106641,142,32,19.2,21.2,13.7,6.8,28.1,22.6,7.1,35.2,0.7,33,17886.28571,231
29,himachal pradesh,una,521173,263692,257481,213281,186434,399715,273223,142351,105358,241,22.6,20.1,20.4,11.7,6.4,27.1,18.4,5.2,27.2,0.8,31,23389.71429,193
30,himachal pradesh,bilaspur,381956,192764,189192,155599,132021,287620,193671,107367,80497,421,60.4,10,12.7,14.5,7.3,24.4,19.2,8.1,28.6,11.5,40,78632.14286,438
31,himachal pradesh,solan,580320,308754,271566,244372,184206,428578,321533,167168,90808,811,41.9,10.8,13.4,12.5,5.4,21.7,14,6.5,22.3,2.9,29,57637.57143,
32,himachal pradesh,sirmaur,529855,276289,253566,205617,157028,362645,310244,136839,82471,301,26.2,10.1,9.9,10.9,4.5,19.1,14.5,4.2,20.8,4.1,27.3,,
33,himachal pradesh,shimla,814010,425039,388971,342846,269796,612642,425721,241956,145577,756,37.1,10.4,14.1,10.7,4,19.9,16.3,4.8,23.5,1.5,31.7,48123.42857,378
34,himachal pradesh,kinnaur,84121,46249,37872,36697,24002,60699,42360,26599,15075,87,35.9,7.9,7.3,11.3,3.8,18.5,15.1,5.6,22.8,2,44.1,7393.857143,371
35,punjab,gurdaspur,2298323,1212617,1085706,907660,727059,1634719,1261421,611353,423301,2248,23.5,15.1,13.8,22,11.2,36.8,25.7,11.2,39.2,0.4,7.9,94544.85714,205
36,punjab,kapurthala,815168,426311,388857,316254,260313,576567,433331,222324,157833,1680,20.7,15.8,15.9,19.5,8.6,32.3,24.9,8.8,36.2,0.2,11.6,43890.42857,94
37,punjab,jalandhar,2193590,1145211,1048379,882581,739956,1622537,1159156,616431,416449,1554,25.9,17.8,14.8,20.3,8.5,32.5,27.2,8.3,37.5,0.7,11.3,119130.5714,123
38,punjab,hoshiarpur,1586625,809057,777568,637927,561772,1199699,831741,422782,330671,1431,27.7,12.9,13.8,22.4,11.1,35.9,29,13.1,43,0.2,10.1,64693.28571,223
39,punjab,shahid bhagat singh nagar,612310,313291,299019,239155,199304,438459,318597,163305,128310,2098,23.3,15.1,15.8,21,9.3,32.7,29.8,11.9,42.8,0.2,10.9,,320
40,punjab,fatehgarh sahib,600163,320795,279368,238696,187337,426033,321018,166781,111028,1336,35.1,17.2,16.1,18.1,8.7,31.8,22.1,10.1,35.1,0.2,12.3,,87
41,punjab,ludhiana,3498739,1867816,1630923,1428348,1131877,2560225,1901528,980046,614258,2907,25.2,15.3,15.5,15.1,6.9,26.3,21.3,8,32.2,0.5,13.5,286082.4286,175
42,punjab,moga,995746,525920,469826,348549,279340,627889,535408,258826,194768,6744,23.7,14.9,12.8,18.3,9.6,31.2,23.1,10.3,35.3,0.3,16.9,,107
43,punjab,firozpur,2029074,1071637,957437,707070,520441,1227511,1171770,525459,331259,586,21,13.2,12.7,18.7,8,29.7,20.6,10.6,33.9,0.1,12.6,93575.28571,172
44,punjab,muktsar,901896,475622,426274,300401,224447,524848,495167,242628,162297,1804,23.9,13.5,12.6,15.1,6,24.4,20.9,9.6,32,0.4,20.8,,92
45,punjab,faridkot,617508,326671,290837,215767,165518,381285,336540,164962,113721,2285,20.4,15.1,16.5,13.2,7.6,26.1,21.7,10.9,35.4,0.1,18.6,,65
46,punjab,bathinda,1388525,743197,645328,488261,356607,844868,754927,377707,255283,608,20.1,14,14.5,16,9.5,32.2,26.5,15.6,45.1,1,20.3,80762.42857,121
47,punjab,mansa,769751,408732,361019,244037,179523,423560,420050,200882,146103,2716,18.4,11.6,10.9,17.1,9.6,30.2,25.9,14.8,42.2,0.4,16.9,,93
48,punjab,patiala,1895686,1002522,893164,711052,555739,1266791,1042519,517079,335100,988,33.8,18.5,14.8,16.7,6.6,28.7,21,9.4,34.3,0.3,11.2,120025.1429,167
49,punjab,amritsar,2490656,1318408,1172248,932981,751789,1684770,1384987,667193,436496,1980,26.2,13.5,13,23.7,9.4,35.9,26.6,14.9,43,0.2,8.2,97071.71429,129
50,punjab,tarn taran,1119627,589369,530258,376427,289735,666162,641875,283645,190898,3209,25,12.2,10.3,18.8,9.3,31.1,22.9,10.7,36.1,0.1,6.8,,108
51,punjab,rupnagar,684627,357485,327142,278534,224197,502731,365300,185424,131707,2196,37.8,19.5,20.7,14,7,27.2,19,8.3,31.9,0.5,11.5,,78
52,punjab,sahibzada ajit singh nagar,994628,529253,465375,409944,326631,736575,540872,281462,171656,638,31,17.1,18.1,14.3,6.8,27.7,21.6,8.3,34,0.5,12.3,,320
53,punjab,sangrur,1655169,878029,777140,570413,431664,1002077,904316,435148,311621,4084,18.7,11.2,12.6,19.1,9.5,32.9,26.2,13.4,41.8,0.6,12.7,68453,190
54,punjab,barnala,595527,317522,278005,201999,157832,359831,322607,158413,114077,430,20.7,14.5,13.8,19.1,9.5,32.8,25.4,12.4,40,0.3,14,113172.8571,71
55,chandigarh,chandigarh,1055450,580663,474787,465346,340092,805438,602411,303748,148945,346,32.2,19,16.6,14.5,5.6,25,18.7,8.7,30.6,0.6,12.1,,
56,uttarakhand,uttarkashi,330086,168597,161489,128237,86889,215126,202426,75997,51245,418,80.3,8.2,10.9,12.5,5,19,16.5,6.3,24.4,2.5,35.1,13715.57143,37
57,uttarakhand,chamoli,391605,193991,197614,155395,125161,280556,229715,93182,67873,835,71.1,6.8,9.8,15.1,3.7,19.7,19.4,8.2,28.5,2.2,38.4,22653.28571,58
58,uttarakhand,rudraprayag,242285,114589,127696,91803,79130,170933,141848,54979,44986,472,76.6,10.4,16.3,12.7,4.4,18.7,20.6,9.2,31.7,2,41,,6
59,uttarakhand,tehri garhwal,618931,297986,320945,227406,180588,407994,368324,139371,109998,1238,71.2,8.9,11.9,13,5.5,20,22,10.4,34,3.8,41.1,22902.42857,266
60,uttarakhand,dehradun,1696694,892199,804495,702216,557290,1259506,968517,446046,276280,5851,67.3,13.8,17.8,12.7,6,23.7,17.9,10.2,31.9,2.4,25.6,,102
61,uttarakhand,garhwal,687271,326829,360442,262148,232741,494889,380765,160183,145445,878,55.3,12.3,15.7,11.1,5.3,18.3,13.5,7.9,23.4,4.8,46.7,26253.57143,118
62,uttarakhand,pithoragarh,483439,239306,244133,189623,155927,345550,273494,116749,92517,679,72.8,6.5,10.6,14.8,6.7,23.3,21.6,10.3,32.9,4.3,38.5,19465,108
63,uttarakhand,bageshwar,259898,124326,135572,97546,81937,179483,147488,60569,51672,169,71.9,7.9,12,13.1,5.7,20.2,20.8,11.9,34.9,7.7,43.7,,88
64,uttarakhand,almora,622506,291081,331425,231604,204893,436497,351595,141238,128994,679,66,9.5,14,13.6,8.2,24.6,19.6,12.2,33.2,5.5,44.3,20512,151
65,uttarakhand,champawat,259648,131125,128523,102015,75711,177726,156916,60722,41913,97,65.7,7.9,11.3,12.9,5,19.9,20.7,7.9,29.7,4.9,38.7,,69
66,uttarakhand,nainital,954605,493666,460939,385779,310721,696500,562548,243095,147053,1909,60.8,11.5,14.6,14.3,5.9,24,19.8,7.8,30.4,5.2,34.8,50375.57143,118
67,uttarakhand,udham singh nagar,1648902,858783,790119,598525,439314,1037839,1042614,392370,212223,1695,59,14.2,18,12.6,7.2,22.2,19.2,8.7,30.2,5.3,31.7,,140
68,uttarakhand,hardwar,1890422,1005295,885127,691411,486943,1178354,1207120,435385,246229,1688,46.6,9.9,12.3,15,6.9,26.2,22.5,9.5,33.9,5.7,31.8,,16
69,haryana,panchkula,561293,299679,261614,229862,175456,405318,309078,157076,93606,1533,19.9,17.4,18.1,14.6,6.3,24.3,18,7,26.2,0.9,19.5,,18
70,haryana,ambala,1128350,598703,529647,461288,356737,818025,617859,308126,201685,680,19,11.7,13,15.3,9.4,28.8,19.7,9.1,31.2,0.8,22,76807.71429,98
71,haryana,yamunanagar,1214205,646718,567487,474793,357664,832457,694813,317708,201386,298,20.6,14.6,14.9,15.6,7.2,28.7,17.3,8.7,28.8,1.7,25.3,,161
72,haryana,kurukshetra,964655,510976,453679,370828,276065,646893,552034,250830,160216,1575,19.2,12.5,12.1,17.9,7.8,30.4,22.9,9.7,34.4,1.3,24.3,,122
73,haryana,kaithal,1074304,571003,503301,385782,260747,646529,630194,265813,176320,1977,29.1,15.8,16.9,9.5,4.3,16.9,13.2,5.2,20.4,1.7,22.6,,83
74,haryana,karnal,1505324,797712,707612,564516,413497,978013,884972,380409,234684,5259,24.6,9.4,9,10.7,3.8,17.6,15.2,4.6,21.2,2.6,26.6,113172.8571,100
75,haryana,panipat,1205437,646857,558580,464136,322463,786599,739075,298764,167244,354,26.5,12,14,11.3,4.1,21.6,15,8.4,25.6,4.6,27.3,,56
76,haryana,sonipat,1450001,781299,668702,589881,408435,998316,855201,360216,233318,1266,22.4,13.4,12.1,12.6,4.5,20,15.1,5.8,21.9,2.9,30.7,,104
77,haryana,jind,1334152,713006,621146,502049,330709,832758,784085,335704,213478,885,23.7,12.1,15.4,9.4,4.5,16.5,13.9,6,21.9,2.5,35.3,61013,117
78,haryana,fatehabad,942011,495360,446651,327471,230107,557578,555745,237009,147469,1788,29.4,16.1,17,9.7,5,17.5,12.2,6.5,20.1,0.8,23.5,39592.57143,49
79,haryana,sirsa,1295189,682582,612607,456968,325929,782897,750228,334344,208185,2432,26.6,15.4,23.6,10.4,5.1,19.9,15.9,8.5,26.8,1.1,21.7,,132
80,haryana,hisar,1743931,931562,812369,670200,444111,1114311,1017830,456536,265109,4456,27.9,12.6,16.7,9.5,6.6,19.4,17.3,9,28.6,1.8,34.5,127220,236
81,haryana,bhiwani,1634445,866672,767773,643158,426713,1069871,964960,405760,261428,2297,28.2,10.2,11.3,12.3,3.9,18.7,16.3,7.3,24.8,1.8,34.6,,172
82,haryana,rohtak,1061204,568479,492725,436025,311557,747582,605741,269354,185685,424,24.8,14.3,14.8,10.6,5.6,20.7,15.8,6.5,24.5,2.8,30.5,61341.14286,12
83,haryana,jhajjar,958405,514667,443738,399480,276611,676091,549975,245095,162356,979,27,10.2,11.8,11.1,7.7,21,17.6,7.7,26.8,2.6,34.1,,163
84,haryana,mahendragarh,922088,486665,435423,380440,249815,630255,530000,229392,161258,1438,25.6,10.3,12.3,13.7,5,21.6,15.8,8.1,25.8,2.3,32.9,,159
85,haryana,rewari,900332,474335,425997,375453,261494,636947,518747,230704,150557,324,25.3,8.2,10.9,15.7,6.8,24.1,16.9,9,26.5,4.4,33.5,38074.28571,92
86,haryana,gurgaon,1514432,816690,697742,638666,472450,1111116,875531,428101,210307,493,34.6,13.5,15.4,10.7,4,16.5,17.2,4.5,22.4,2.9,32.6,192956,70
87,haryana,mewat,1089263,571162,518101,308435,146462,454897,790930,186916,110688,729,11.5,6,7.9,10.6,2.9,15.5,14.6,3.7,19.2,4.7,36.5,,115
88,haryana,faridabad,1809733,966110,843623,734940,537799,1272739,1095602,481318,231029,1784,32.8,10,11.6,15.2,5.3,23.3,18.8,6,26.2,2.7,23,39592.57143,52
89,haryana,palwal,1042708,554497,488211,379696,220100,599796,684189,224043,133913,563,23.5,8.6,11.1,14,6.2,21.9,16.5,5.9,23.2,7,30.9,112327.5714,613
90,nct of delhi,north west,3656539,1960922,1695617,1541952,1165903,2707855,2138591,1013424,503055,1469,18.1,10.6,13.9,11.6,6,21.3,20.7,9.5,32.9,2.8,30.3,,
91,nct of delhi,north,887978,475002,412976,381615,299902,681517,506601,256501,124513,363,19.4,12.9,14.5,16.6,7.5,27.2,24.9,10.1,37,3.1,24.1,,24
92,nct of delhi,north east,2241624,1188425,1053199,912481,699107,1611588,1393078,581016,264663,2867,28.2,14.4,14.7,14.3,5.1,24.1,20.8,6.3,29.9,1.3,24.1,,
93,nct of delhi,east,1709346,907500,801846,748382,604616,1352998,948963,497157,262124,1102,30.7,11.7,12.9,16.6,6.2,25.8,22.2,9.4,33.8,1.5,25,,1203
94,nct of delhi,new delhi,142004,77942,64062,65678,48501,114179,76076,43913,21773,242,25.2,12,12.7,14.8,7,25.8,21.8,10.8,33.8,2.4,29,,
95,nct of delhi,central,582320,307821,274499,240518,201842,442360,317650,169533,94448,689,22.6,11.7,15.8,15.7,7,26.5,25.3,12.9,41.5,3.4,27.8,,
96,nct of delhi,west,2543243,1356240,1187003,1093933,867246,1961179,1399165,732515,408953,2610,21,12.9,14.4,13.3,6.7,23.8,23.3,9.1,34.1,2,28.5,,12
97,nct of delhi,south west,2292958,1246046,1046912,1025261,762428,1787689,1296955,683209,308675,4119,28.7,12.1,15.9,15.2,4.5,22.3,22.3,6.1,30.4,3.8,28.2,,
98,nct of delhi,south,2731929,1467428,1264501,1185036,893366,2078402,1588001,785085,355602,3241,24.5,9.9,10.3,15.8,5.3,23.7,19.5,6.6,27.8,1.6,20.8,,28
99,rajasthan,ganganagar,1969168,1043340,925828,710908,482435,1193343,1167889,502211,283484,15584,85.3,9.5,8.4,10.3,2.2,16.2,12.8,3,18.3,2.1,29,87471.28571,471
100,rajasthan,hanumangarh,1774692,931184,843508,624281,409855,1034136,1058044,453114,242361,21173,89,7.4,8.5,11.5,4,20,15.7,4.8,22.6,1.5,36.1,,426
101,rajasthan,bikaner,2363937,1240801,1123136,782399,496402,1278801,1543867,517271,288165,14634,87.4,7.3,8.5,6.2,2.2,12,8.4,1.4,11.8,3.4,38,58979.28571,349
102,rajasthan,churu,2039547,1051446,988101,696729,452540,1149269,1293193,458725,272176,15453,81.9,6.2,8.9,13.1,5.4,21.2,16.6,6.5,25.4,5,39.9,41205.14286,495
103,rajasthan,jhunjhunun,2137045,1095896,1041149,815834,554526,1370360,1298780,494124,330126,14015,86.1,6.7,8.2,12.5,5,20.7,18,5.6,25.6,5.9,39.9,56810.14286,386
104,rajasthan,alwar,3674179,1939026,1735153,1359829,822647,2182476,2346721,836000,490137,1321,80.8,5,7.2,13.1,5.3,20.3,15.7,8.7,25.8,9.7,42.5,112327.5714,613
105,rajasthan,bharatpur,2548462,1355726,1192736,943910,536959,1480869,1659515,546362,329127,13458,84.8,6.7,7.7,11.4,4.9,19.1,16.4,4.5,23.6,10.5,47.5,54704.42857,237
106,rajasthan,dhaulpur,1206516,653647,552869,435721,247377,683098,815651,248416,141365,1084,89,5.8,7.3,8.6,3.7,13.4,10.3,3.8,15.1,9.9,48,,213
107,rajasthan,karauli,1458248,783639,674609,531904,273945,805849,947173,310688,192042,8345,86.4,6,7.8,7.5,1.7,10.6,9.5,2.8,13.2,17.3,51.6,,303
108,rajasthan,sawai madhopur,1335551,704031,631520,486184,255564,741748,841697,309237,183234,1383,80.5,5.5,8.2,9.6,3.7,15.4,13.7,4.7,19.8,13.9,47.1,,125
109,rajasthan,dausa,1634409,857787,776622,596935,341116,938051,1047136,358718,210117,18438,91.2,7.4,8.5,7.8,3,12.2,11,4,16.1,15.8,47.5,,339
110,rajasthan,jaipur,6626178,3468507,3157671,2554793,1746172,4300965,4091148,1646480,884057,4493,81.5,7.9,8.5,9.1,3.1,14.7,11.7,3.3,16.5,6.3,33.1,337457.7143,665
111,rajasthan,sikar,2677333,1374990,1302343,995275,656842,1652117,1672813,605002,381226,18292,82.4,6.3,8.8,12.1,4.3,19.4,15.1,5.2,22,7,35.1,61858.42857,622
112,rajasthan,nagaur,3307743,1696325,1611418,1102750,655874,1758624,2088323,754143,463469,1808,90,6.9,7.9,10.6,2.9,15.6,12.7,3.3,17.5,5.9,44,71041.85714,732
113,rajasthan,jodhpur,3687165,1923928,1763237,1265753,765779,2031532,2359786,836322,489280,1777,87.5,6.3,7.5,8.7,2.6,13.1,12.8,2.6,16.5,6.9,43.6,109183.1429,397
114,rajasthan,jaisalmer,669919,361708,308211,210415,98238,308653,448969,140294,79977,679,93.7,4.9,8.8,6.7,1.7,9.7,12.7,2.1,15.8,5,44.9,26590.71429,154
115,rajasthan,barmer,2603751,1369022,1234729,783461,404861,1188322,1731122,527629,326476,18524,97.8,8.2,10.2,6.6,1.1,8.5,8.8,1.6,10.9,3.9,49.1,37133.71429,764
116,rajasthan,jalor,1828730,936634,892096,543923,285659,829582,1176496,390598,249379,12257,96.6,9.1,10.8,7.9,1.6,10.4,9,1.6,11.5,6.5,44.2,38528.28571,478
117,rajasthan,sirohi,1036346,534231,502115,309900,166906,476806,649290,244401,142251,404,92,5.1,8.6,10.8,2.1,14.2,14.2,3.4,18.7,8.7,39.9,36158.14286,185
118,rajasthan,pali,2037573,1025422,1012151,667381,418312,1085693,1207983,467436,343384,18770,96.2,9.5,13.8,8.5,1.9,13,12.2,2.7,16.5,4.6,40.1,68205.42857,374
119,rajasthan,ajmer,2583052,1324085,1258967,926268,600405,1526673,1561077,629951,388040,3984,88.7,7.5,7.9,6.8,3.3,14.5,7.8,2.5,13.1,4.1,38.6,91146,335
120,rajasthan,tonk,1421326,728136,693190,478329,271330,749659,880194,334006,205593,1533,84.5,5.8,6.5,9.9,4.8,16.7,14.1,4.7,20.1,8.6,47.6,44615.42857,326
121,rajasthan,bundi,1110906,577160,533746,371705,213339,585044,686771,267648,155958,529,87.7,5.9,8,10.5,4.6,17.2,13.4,4,19,13.8,52.8,29565.57143,223
122,rajasthan,bhilwara,2408523,1220736,1187787,777582,478544,1256126,1439454,589476,365023,14570,89.1,6.7,10.7,10.7,3.5,15.4,11.3,3.7,15.7,4.2,41.9,90178,511
123,rajasthan,rajsamand,1156597,581339,575258,383334,235805,619139,687165,275099,193668,665,93.2,6.8,7.9,8.6,2.6,15.1,11.4,2.1,15.4,4.8,44.6,,257
124,rajasthan,dungarpur,1388552,696532,692020,415820,265771,681591,868458,317700,191917,10477,97.5,10.1,15.1,9.9,1.9,12.9,11.7,2.4,14.9,3.6,40.8,24798.14286,388
125,rajasthan,banswara,1797485,907754,889731,513854,315489,829343,1153029,406214,216554,21688,84.2,8.9,10.8,12.7,3.1,17.1,15.2,3.6,19.4,5.8,38.7,30914.57143,437
126,rajasthan,chittaurgarh,1544338,783171,761167,514851,306974,821825,880043,398303,258997,6995,90.6,9.1,12.3,11.9,4.3,18.3,14.9,5.1,21.1,3.7,44.4,44969.85714,374
127,rajasthan,kota,1951014,1021161,929853,765396,532949,1298345,1177474,495896,275396,2248,80.9,5.8,7.8,10,2.8,15.9,14.1,3.8,20.2,9.2,43.2,88630,185
128,rajasthan,baran,1222755,633945,588810,432607,260700,693307,762204,286344,173100,1107,89.5,7.2,7.6,7.6,2.9,12.6,10.6,3.4,15.6,19.3,57,44464,309
129,rajasthan,jhalawar,1411129,725143,685986,466815,272977,739792,850546,346110,213674,799,93.6,7.7,8.8,9.4,3.8,15,12.7,3.6,17.3,9.8,55.4,32904.28571,352
130,rajasthan,udaipur,3068420,1566801,1501619,973444,609185,1582629,1876436,739287,451034,1663,94.3,8.8,10.5,10,3.2,14.4,13.1,2.4,16.5,4.5,42.5,105925.4286,644
131,rajasthan,pratapgarh,867848,437744,430104,250122,151393,401515,545987,204801,115608,1452,84.5,5.4,9.9,11.8,3.4,16.5,13.3,4.5,18.7,2.7,37.8,39179.57143,552
132,uttar pradesh,saharanpur,3466382,1834106,1632276,1220114,856994,2077108,2228689,769736,433862,34095,11.8,8.8,11.6,15.5,6.5,23,18.2,5.7,24.3,2.4,30.7,101824.5714,398
133,uttar pradesh,muzaffarnagar,4143512,2193434,1950078,1448528,968811,2417339,2671757,911621,544283,15851,8.2,11.5,14.3,14.9,5,21.6,16.6,6.8,24.2,3.7,31.7,119048,487
134,uttar pradesh,bijnor,3682713,1921215,1761498,1241471,893922,2135393,2404576,786305,450186,41646,18.8,11.3,13.3,13.2,4.5,19.7,16.8,5.9,24.3,3.6,36.5,93750.57143,409
135,uttar pradesh,moradabad,4772006,2503186,2268820,1357435,906413,2263848,3168270,988486,525574,89676,17.1,9.5,12.9,13.6,6.4,21.3,18.3,6.2,25.6,3.6,32.6,113322,384
136,uttar pradesh,rampur,2335819,1223889,1111930,630408,413258,1043666,1576123,491164,258913,9619,13.1,12.4,14.4,10.7,5.1,17.7,15.5,4.6,21,4.9,36.1,36122.14286,230
137,uttar pradesh,jyotiba phule nagar,1840221,963449,876772,600541,382569,983110,1227283,391275,215849,5814,8.3,6.3,11.1,13.4,4.2,19.1,18.5,5.2,24.6,4.4,38.9,,109
138,uttar pradesh,meerut,3443689,1825743,1617946,1254520,886968,2141488,2165117,780475,451827,46270,18.4,14.4,16,12.6,5.5,20,17.4,7.6,26.2,2.6,24.4,141808.4286,278
139,uttar pradesh,baghpat,1303048,700070,602978,489858,308112,797970,817140,283276,194548,8084,12.5,11.8,12.7,13.3,6,21.4,18,6,25.5,4.7,31.8,,208
140,uttar pradesh,ghaziabad,4681645,2488834,2192811,1811397,1311867,3123264,2891069,1139871,559963,90742,20,17.9,20.2,10.3,6.4,19.3,15.5,6.9,24.5,1.7,22.3,39592.57143,295
141,uttar pradesh,gautam buddha nagar,1648115,890214,757901,666065,456882,1122947,1015648,402967,188862,40638,23.8,14.8,17.2,9.8,4,16.4,14,5.3,20.9,3,29.7,,732
142,uttar pradesh,bulandshahr,3499171,1845260,1653911,1253314,778342,2031656,2246254,753949,472808,26160,20.5,12.8,14.9,13,6.4,21.2,18.8,6.5,26.2,4.1,34.4,,314
143,uttar pradesh,aligarh,3673889,1951996,1721893,1283380,809187,2092567,2378289,787408,472667,35525,17.6,13.1,14.9,11.8,4.3,18.2,16.3,4.1,22,5.1,37,79266.71429,311
144,uttar pradesh,mahamaya nagar,1564708,836127,728581,579157,363415,942572,1011157,339137,210083,4331,10.9,7.6,10.9,13.6,6.3,22.4,17.5,7.3,26.4,8,43.3,,191
145,uttar pradesh,mathura,2547184,1367125,1180059,943346,564400,1507746,1600686,535738,327854,82906,10.8,7.9,10.2,13,6.2,21.1,17.1,7.1,25.4,9.3,42.9,71263.71429,165
146,uttar pradesh,agra,4418797,2364953,2053844,1614594,1065916,2680510,2871903,991255,547873,7766,9.4,7.2,8.2,10.3,5.2,16.8,16.4,4.1,20.9,8.9,46.1,138028,416
147,uttar pradesh,firozabad,2498156,1332046,1166110,912314,609492,1521806,1621154,543730,312689,20583,13.4,7.5,9.4,11.9,5,18.1,15.2,4.7,20.5,5.2,45.6,39592.57143,191
148,uttar pradesh,mainpuri,1868529,993377,875152,712110,491775,1203885,1193660,402321,265638,6910,16.1,8.4,10.2,9.7,3.3,14.4,13.7,3.3,17.9,2.9,41.3,26443.28571,233
149,uttar pradesh,budaun,3681896,1967759,1714137,986501,560976,1547477,2436051,748408,424194,73243,13.6,9,10.9,8.6,3.4,13,10.3,3.1,13.8,7.1,41.9,57415.28571,357
150,uttar pradesh,bareilly,4448359,2357665,2090694,1342697,849062,2191759,2893965,952233,514141,88020,18.7,9.7,11.8,10.9,4.2,16.4,12,4.7,17.6,5.5,39.3,82115.28571,393
151,uttar pradesh,pilibhit,2031007,1072002,959005,654290,406805,1061095,1320476,449673,256276,4582,21.4,10.8,13.3,11.8,5.5,19.5,11.4,5.4,17.5,4.9,38.2,38101.71429,211
152,uttar pradesh,shahjahanpur,3006538,1606403,1400135,915142,575788,1490930,1961237,652237,368743,24321,14.2,9.1,6.7,11.2,4.1,16.1,11.1,3,14.5,6.6,49,54790.71429,267
153,uttar pradesh,kheri,4021243,2123187,1898056,1237157,796887,2034044,2582597,896611,510832,31203,22,8.7,9.4,12.8,5.7,20.1,16.7,5.2,22.4,14.8,55.2,53747.71429,415
154,uttar pradesh,sitapur,4483992,2375264,2108728,1397702,886031,2283733,2862383,1000987,588318,32304,23.2,7.9,9.7,11.4,5.5,17.8,16.1,5.7,23,13.8,59.7,56487.71429,506
155,uttar pradesh,hardoi,4092845,2191442,1901403,1374587,847014,2221601,2598364,905306,559988,29187,16,8,9.8,11.9,4.4,18.1,14.9,4.3,19.9,6.5,52.1,52435.57143,435
156,uttar pradesh,unnao,3108367,1630087,1478280,1053063,720521,1773584,1893706,706851,453462,54348,15.3,9.7,9.2,13.5,5.7,22,15.7,4,21.4,9.5,50.9,47861.28571,367
157,uttar pradesh,lucknow,4589838,2394476,2195362,1742440,1384820,3127260,2678289,1161686,685258,64605,15.8,14.7,16.5,12.4,6.4,21.2,15.2,6,22.8,7.7,39.2,210012.7143,248
158,uttar pradesh,rae bareli,3405559,1752542,1653017,1165965,799878,1965843,2116007,776583,506583,6386,16.8,8.3,7.4,11.3,5.9,19.4,11.8,4.8,17.9,11.8,50.4,49773.42857,294
159,uttar pradesh,farrukhabad,1885204,1006240,878964,654827,437850,1092677,1224584,411153,246795,2672,13.5,6.7,7.1,9.1,3.4,13.8,12.1,1.9,14.8,6.4,49,29356.14286,201
160,uttar pradesh,kannauj,1656616,881776,774840,603596,413491,1017087,1069916,361028,223535,2137,15.3,7.3,6.9,8.9,3.2,14.9,10.8,2.2,14.4,8.7,50.9,7393.857143,195
161,uttar pradesh,etawah,1581810,845856,735954,623583,438420,1062003,979633,362026,237786,2365,17.9,8.9,10.2,11.8,3.9,16.7,15.4,3.4,19.7,5.2,45.5,28774.57143,187
162,uttar pradesh,auraiya,1379545,740040,639505,546198,384638,930836,856336,320763,202054,392,18.4,6.9,7,14.1,5.1,20,16.8,5,22.1,9.3,46.8,,144
163,uttar pradesh,kanpur dehat,1796184,963255,832929,692964,477279,1170243,1100820,415918,276272,3174,17.9,7.6,9.9,7.2,3.7,12.6,11.4,4.2,16.5,10.2,50.5,,235
164,uttar pradesh,kanpur nagar,4581268,2459806,2121462,1829179,1413843,3243022,2630411,1209554,731795,9508,16.1,10.8,8.3,10.1,4.4,17.3,11.7,2.8,16.2,9.5,46.8,,404
165,uttar pradesh,jalaun,1689974,906092,783882,653430,421766,1075196,1002817,410090,274954,2113,17.6,5.2,6,11.5,3.6,16.8,14.7,4.1,20,13.4,49.9,27382.14286,300
166,uttar pradesh,jhansi,1998603,1057436,941167,783705,520808,1304513,1171301,510728,308331,8243,11.4,5.3,9,11.7,2.4,15.7,12.7,3.9,17.3,10.1,49.5,57957.85714,302
167,uttar pradesh,lalitpur,1221592,641011,580581,397586,243605,641191,793551,265080,159666,3295,11.7,4.7,6.3,10.7,4.7,17.2,13.2,3.6,17.9,5.5,54.5,,217
169,uttar pradesh,mahoba,875958,466358,409600,302283,185823,488106,527067,201394,137393,10104,18.2,12,13.3,11.3,5.2,19.6,16.7,6,24.9,5.9,47.8,,161
170,uttar pradesh,banda,1799410,965876,833534,630626,372311,1002937,1120432,408527,265310,5141,13.3,11.5,13.1,12.5,4.6,20.1,12.7,4.4,18.9,19.7,63.3,23819.14286,259
171,uttar pradesh,chitrakoot,991730,527721,464009,330339,200733,531072,638046,214228,136669,2787,17.4,5.1,9.1,8.4,3.1,15.1,10.3,3,16.4,12.7,59.6,,156
172,uttar pradesh,fatehpur,2632733,1384722,1248011,911003,601163,1512166,1624830,603831,395547,8525,16.8,5.7,8.8,10.5,4.3,17,13.3,3.4,18,20.8,60.8,35656.85714,340
174,uttar pradesh,kaushambi,1599596,838485,761111,507279,306145,813424,1034099,336401,210556,18540,20.2,11.7,15.5,5,3.4,9.4,6.7,2.8,10,14.9,53.6,,167
175,uttar pradesh,prayagraj,5954391,3131807,2822584,2199340,1466387,3665727,3764404,1335224,818137,36626,20.6,13.4,15.7,7.9,3.1,12.6,11.9,4.3,17.7,11.9,44.6,,
176,uttar pradesh,bara banki,3260699,1707073,1553626,1010518,681940,1692458,2043335,709494,445269,62601,14.6,9.4,12,11.1,6,19.1,14.8,6.6,22.7,11.2,50.2,43694.57143,329
177,uttar pradesh,faizabad,2470996,1259628,1211368,838339,612562,1450901,1534832,543148,367332,25684,19.8,17,20.6,8.9,4,14.9,10.3,4.4,17.7,8.7,41.2,39592.57143,293
178,uttar pradesh,ambedkar nagar,2397888,1212410,1185478,846676,640263,1486939,1499494,515229,367234,15931,23,14.6,18.4,9.1,5.6,17.2,13.6,6.9,22,12.8,52.9,,257
179,uttar pradesh,sultanpur,3797117,1914586,1882531,1300248,939654,2239902,2376875,828222,580164,11856,20.7,13.5,16.7,13,5.8,20.6,16.4,6.7,24.3,14.2,47.5,56869,416
180,uttar pradesh,bahraich,3487731,1843884,1643847,878285,520083,1398368,2275746,754346,446242,11397,10.1,6.1,8.6,13.4,7.4,24.2,18.1,8.5,28.7,26.6,59,36483.28571,158
181,uttar pradesh,shrawasti,1117361,593897,523464,276700,146613,423313,723443,245098,143979,4841,13.5,8.1,9.7,9.8,4.6,18.4,13.1,3.5,18.7,24.2,64.2,,126
182,uttar pradesh,balrampur,2148665,1114721,1033944,544943,323414,868357,1415213,442339,283947,7166,62.3,7.9,11.2,15.5,9.2,25.2,20.3,10,31.2,21.4,53.2,36122.14286,216
183,uttar pradesh,gonda,3433919,1787146,1646773,1034181,645813,1679994,2223078,734903,464584,11354,13.4,8.7,12.4,12.2,6.1,22.9,17.5,7.5,28.6,18,51.6,44964.85714,360
184,uttar pradesh,siddharthnagar,2559297,1295095,1264202,740718,488208,1228926,1690396,504002,359977,4922,12.2,9.5,11.7,11.8,5.3,19.1,14,7.4,23.5,14.6,54.9,,220
185,uttar pradesh,basti,2464464,1255272,1209192,819719,574064,1393783,1574037,519265,363891,7271,15.8,10,11.6,11.2,6,19.2,16.2,7.6,25,10.2,51.3,35955.57143,297
186,uttar pradesh,sant kabir nagar,1715183,869656,845527,567098,387851,954949,1108368,352395,250502,3918,20.4,8.7,10.2,13,5.7,22.5,18,7.3,28.2,9.9,51.9,,161
187,uttar pradesh,mahrajganj,2684703,1381754,1302949,881674,537470,1419144,1694493,595114,370573,24523,16.2,5.9,6.3,10.9,3.2,15,11.8,2.7,15.7,13.2,63.3,,287
188,uttar pradesh,gorakhpur,4440895,2277777,2163118,1593890,1106438,2700328,2755630,992114,659677,33474,17.9,13.8,11.7,10.2,4.6,16.8,13.4,6.1,20.7,5.4,44.6,78715.28571,512
189,uttar pradesh,kushinagar,3564544,1818055,1746489,1183722,771098,1954820,2236842,772777,500373,54552,15.6,10.6,12.6,9.3,4.6,16.4,13.3,6.4,21.9,4.3,45.1,,293
190,uttar pradesh,deoria,3100946,1537436,1563510,1079288,795951,1875239,1946336,664708,481219,8683,10.5,9.6,12.6,10.3,5.8,17.6,13,5.8,21,2.3,36.9,42721.28571,352
191,uttar pradesh,azamgarh,4613913,2285004,2328909,1559414,1212503,2771917,2930243,965876,699954,17840,9,14.2,17.1,12,5.4,19.4,18.8,8.1,28.7,9.4,44.1,69052.57143,556
192,uttar pradesh,mau,2205968,1114709,1091259,773082,589962,1363044,1402738,467343,323260,12627,16,11.6,12.7,16.3,5.2,23.9,20.8,7.9,29.9,6.4,39.3,,263
193,uttar pradesh,ballia,3239774,1672902,1566872,1160960,802630,1963590,1975934,724362,502628,36850,10.6,12.2,14,10.6,3.8,17.1,15.2,3.2,20.7,2.2,35.6,42508,365
194,uttar pradesh,jaunpur,4494204,2220465,2273739,1565394,1166283,2731677,2826453,927026,689979,50746,12,8,9.6,10.2,3.8,16,13.6,5,19.7,5.8,43.8,57513,505
195,uttar pradesh,ghazipur,3620268,1855075,1765193,1293553,903996,2197549,2234593,774130,556273,55272,10.6,8.7,13.3,9.1,3,14.2,15.7,3.5,20.3,4.4,37.7,47380,381
196,uttar pradesh,chandauli,1952756,1017905,934851,699454,475152,1174606,1222695,437000,287767,5294,28.1,10.3,11.2,11.5,5.8,18.9,15.6,6.3,23.6,7.1,44.8,,247
197,uttar pradesh,varanasi,3676841,1921857,1754984,1389116,1014787,2403903,2260457,856070,531549,28765,12.8,9.3,12.6,13.3,3.9,19,20.9,5.6,27.1,5.5,38.4,111810.8571,293
198,uttar pradesh,sant ravidas nagar (bhadohi),1578213,807099,771114,546782,363364,910146,1032294,331743,209920,4256,18.8,8.7,13.2,9.3,4.1,14.9,15.9,5.4,23,7.4,36.5,,159
199,uttar pradesh,mirzapur,2496970,1312302,1184668,865837,562846,1428683,1590528,552177,346773,7492,15,9.4,11.3,13.7,6.3,21.7,18.6,8.1,29,5.4,42.2,35865.71429,295
200,uttar pradesh,sonbhadra,1862559,971344,891215,601988,383720,985708,1203938,418914,237866,1841,19.7,7.9,11.3,12.9,5,19,16.8,4,21.4,5.8,54.1,,151
201,uttar pradesh,etah,1774480,947339,827141,647042,408160,1055202,1149372,383707,237427,3974,12.8,6.2,7.6,11.2,3.6,16.4,14.2,4.4,19.2,5,46,23277.28571,287
202,uttar pradesh,kanshiram nagar,1436719,764165,672554,452803,272047,724850,946320,301252,183434,5713,15.1,6.7,10.3,9.3,4.8,16.5,12.8,5.8,19.5,6.9,44.7,,320
203,bihar,pashchim champaran,3935042,2061110,1873932,1091226,668255,1759481,2544205,888205,497793,4839,20,9.3,13.4,11.3,5.1,18.1,12.3,7.8,22.6,5.9,48.1,,217
204,bihar,purba champaran,5099371,2681209,2418162,1407603,869354,2276957,3316422,1122340,648009,12600,19.4,10.8,16.4,9.1,4,16.2,13.8,6.8,23.6,7.6,55.2,,433
205,bihar,sheohar,656246,346673,309573,171645,112053,283698,421241,139909,93398,1698,18.1,7.5,13.9,10.1,3.7,15.5,14.6,4.5,20.8,4.5,56.6,,19
206,bihar,sitamarhi,3423574,1803252,1620322,885188,551606,1436794,2206340,739982,449035,28217,20.7,12.3,14.6,9.9,4.3,17.8,10.8,4.8,17.9,6.4,55.4,,126
207,bihar,madhubani,4487379,2329313,2158066,1340085,815253,2155338,2860455,1009424,611899,5601,19.2,13.2,20,9.5,4.2,18.2,12.8,6.4,23.4,5,53.9,149841.8571,302
208,bihar,supaul,2229076,1155283,1073793,647672,385611,1033283,1453438,495020,277610,3008,14.2,12.7,15.6,6.3,2.5,11.6,8.8,3.1,14.1,11.4,53,,156
209,bihar,araria,2811569,1463333,1348236,727643,468125,1195768,1872943,612012,324091,2523,19.5,13.6,18.8,5,2.9,12.1,8.9,3.1,15.8,12.3,53.2,,180
210,bihar,kishanganj,1690400,866970,823430,439921,305135,745056,1139615,361114,188447,1224,8.1,11,17,8.5,3.6,17.4,12.4,5,22.7,11.6,50.4,,143
211,bihar,purnia,3264619,1699370,1565249,805261,527065,1332326,2155512,696556,372692,39859,10.2,16.5,21.4,8.2,2.7,18.7,11.9,3.5,22.5,6.2,47.3,37198.71429,191
212,bihar,katihar,3071029,1600430,1470599,762256,517934,1280190,2054202,660403,353483,2941,8.4,14.4,19.6,6,4,17,8.5,2.9,17.8,6.1,49.2,,232
213,bihar,madhepura,2001762,1047559,954203,517666,316911,834577,1311771,444235,242382,3374,9.5,15.4,16.9,5.3,1.9,10.4,7.6,2.8,14.5,7.9,53.2,71263.71429,125
214,bihar,saharsa,1900661,997174,903487,506374,298622,804996,1249692,415863,233870,1236,12.8,11.7,16.5,6.2,2.8,14.9,8.8,4.2,15.5,10.7,54.9,24281,165
215,bihar,darbhanga,3937385,2059949,1877436,1125566,691068,1816634,2535344,865971,529314,6756,25.3,13.5,19.3,9,3.7,17.5,13.7,6.3,23.5,5.6,55.1,45604.28571,269
216,bihar,muzaffarpur,4801062,2527497,2273565,1487117,1022115,2509232,3016735,1079189,697108,8030,13.2,12.4,16.4,9.8,5,18.1,14.1,6.9,24,7.2,51.5,66424,237
217,bihar,gopalganj,2562012,1267666,1294346,793905,589093,1382998,1642807,546202,370662,2341,12.7,10.5,10.1,11.7,5.1,20.3,16.3,5,22.8,5.2,47.8,,204
218,bihar,siwan,3330464,1675090,1655374,1115906,814269,1930175,2115448,713597,498299,3120,8.2,9,15.7,12.4,5.2,19.6,18.1,9.4,29.6,4.6,44.1,,335
219,bihar,saran,3951862,2022821,1929041,1285767,871687,2157454,2516115,847031,585386,3330,9.4,16.5,18.1,8.4,3.3,16.7,12.7,2.6,19.3,4.2,44,44464,262
220,bihar,vaishali,3495021,1844535,1650486,1152576,774164,1926740,2176701,759132,486032,73156,13.5,13.6,17.1,6,3.5,17.4,10.2,3.7,19.6,3.9,46.3,,210
221,bihar,samastipur,4261566,2230003,2031563,1293575,849305,2142880,2766930,913339,568812,12485,19,14.3,15.9,7.1,4.2,15.8,9.4,4.4,16.4,3.5,51.7,,310
222,bihar,begusarai,2970541,1567660,1402881,918507,630166,1548673,1951688,644874,369996,3983,13.2,13.2,15.8,7.1,2.4,13.9,9.7,3.1,17,4,49.6,,228
223,bihar,khagaria,1666886,883786,783100,461153,306875,768028,1114645,355531,195796,914,15.6,17.1,21.7,7.5,2.3,13,9.4,3.1,16.1,3.5,43.7,,156
224,bihar,bhagalpur,3037766,1615663,1422103,937669,635397,1573066,1952879,674660,397654,12573,16.3,15.6,16.3,7,3.2,13.3,8.8,3.1,14.7,2.4,47.3,47188.28571,285
225,bihar,banka,2034763,1067140,967623,590961,374360,965321,1291235,462080,278863,2585,13.6,13,16.9,10.6,4.8,17.4,12.4,5.4,18.8,1.8,49.4,23819.14286,259
226,bihar,munger,1367765,729041,638724,473741,328076,801817,860147,316713,188319,2586,15.2,19.5,21.8,9.8,3.5,16.1,10.6,3.9,18.3,2.5,40.9,21497,160
227,bihar,lakhisarai,1000912,526345,474567,305182,202088,507270,650642,218840,130655,775,15.1,12.8,17.8,6.6,3.4,12.3,9.3,2.1,13.8,2.4,45.4,,129
228,bihar,sheikhpura,636342,329743,306599,196431,132245,328676,413475,136898,85045,924,9.7,9.9,11.1,9.2,4.2,16.3,11.1,3.9,16.1,2.1,45,,71
229,bihar,nalanda,2877653,1497060,1380593,919558,600375,1519933,1829128,642197,403129,3199,12.8,11.1,13.6,8.2,3.3,13.4,9.3,3.6,14,2.8,49.8,124031.8571,448
230,bihar,patna,5838465,3078512,2759953,2028047,1431632,3459679,3626564,1382654,815638,13609,10.2,17.1,19.9,8.1,2.5,16.1,10,2.4,14.8,2.1,39.9,167656.7143,309
231,bihar,bhojpur,2728407,1430380,1298027,973486,625665,1599151,1722387,613072,387389,5559,9.6,14,17,8.3,2.7,13.9,10.3,1.8,14.5,2.4,43.7,,295
232,bihar,buxar,1706352,887977,818375,593544,396263,989807,1074754,375372,253998,2228,11.4,12.9,11.5,9.2,2.8,13.9,7.4,2,10.5,1.8,42.2,,171
233,bihar,kaimur (bhabua),1626384,847006,779378,549923,370353,920276,1039302,353413,226808,6861,18.1,6.9,10.3,7.9,3.3,12.3,10.4,3.7,15,2.8,50.8,,84
234,bihar,rohtas,2959918,1543546,1416372,1061783,738049,1799832,1875174,673742,407193,3809,17.2,10.3,13.5,10.5,3.9,15.2,10.3,4.6,16,1,40.6,61341.14286,290
235,bihar,aurangabad,2540073,1318684,1221389,868733,597269,1466002,1626969,564571,340948,7585,15.4,10.6,14.1,10.4,4.2,16.2,10.4,3.2,15.3,3.3,46.7,174412.4286,686
236,bihar,gaya,4391418,2266566,2124852,1368803,928810,2297613,2810026,936630,537333,107429,9.7,8.2,11.4,11.5,3.9,16.6,12.7,4.8,18.8,3.7,51.9,41458.42857,486
237,bihar,nawada,2219146,1144668,1074478,659474,431538,1091012,1440781,485628,288805,3932,8.1,9.4,11.7,8.8,3.8,14.5,11.9,5.3,18.5,2.9,47.9,,167
238,bihar,jamui,1760405,916064,844341,534385,324203,858588,1135919,392052,227016,5418,14.3,11.1,15.1,7.3,4.1,12.6,10.3,3,14.8,2.8,53.6,,214
239,bihar,jehanabad,1125313,585582,539731,374412,244469,618881,714244,254582,155106,1381,13.2,11.9,16,8.9,2.6,13.4,8,2.3,12,5.5,49.1,60943.28571,90
240,bihar,arwal,700843,363497,337346,235279,151072,386351,444448,156031,98550,1814,15.6,10.9,15.9,8.6,2.6,12.9,9,3.3,14,2.4,47.9,,98
241,sikkim,north  district,43709,24730,18979,18579,11871,30450,27099,11674,4887,49,24.5,11.6,16,22.3,13.1,39,25.1,19.5,47.7,9.9,35.4,,
242,sikkim,west district,136435,70238,66197,51988,41444,93432,84209,32520,19400,306,19.9,7.4,13.6,23,8.9,32.7,30.4,13.7,45.1,8.9,44.9,,
243,sikkim,south district,146850,76670,70180,59357,47384,106741,87982,37318,20982,568,20.8,12.5,17.6,19.6,15.8,41,29.7,16.1,49.6,15.8,47.4,,
244,sikkim,east district,283583,151432,132151,121345,92984,214329,165520,80354,37456,253,29.9,14.6,15.8,15.4,11,31.6,19.1,12,34.2,11.2,37.9,,
245,arunachal pradesh,tawang,49977,29151,20826,17720,8353,26073,30709,13849,5399,20,33.5,4.5,8.5,17.4,11.7,30.3,25.7,9.2,36.4,5.1,24,,108
246,arunachal pradesh,west kameng,83947,46155,37792,29566,18926,48492,53026,22362,8493,66,38.3,4.7,10,12.4,4.3,19.8,21.9,7,30.7,13.9,38.7,,
247,arunachal pradesh,east kameng,78690,38775,39915,21599,16850,38449,53752,17922,6960,56,25.1,8.9,13.9,14.1,4.4,19.5,22.2,6,29,24.9,48.2,,
248,arunachal pradesh,papum pare,176573,89182,87391,65794,55254,121048,120592,43812,11856,313,26.9,9.5,12.8,13.6,3.5,20.6,21.2,9.2,32.7,16.1,43.7,,
249,arunachal pradesh,upper subansiri,83448,41758,41690,24807,20471,45278,56054,20055,7230,109,21.5,6.6,10.6,17.7,5.9,25.4,25,10.5,37.5,19.8,55.3,,
250,arunachal pradesh,west siang,112274,58168,54106,36777,27969,64746,70415,28305,13469,85,26.6,9.1,11.2,23.3,8.5,32.7,29,11.3,41.1,16.9,44.3,,
251,arunachal pradesh,east siang,99214,50116,49098,34210,28366,62576,61993,25334,11802,85,30.5,9.5,12.7,18,8.5,29.7,26.3,10,38.1,24.7,51.3,,
252,arunachal pradesh,upper siang,35320,18699,16621,10723,7472,18195,21090,8910,5252,68,34.6,7.5,10.3,16,9.3,26.1,20.1,10.7,31.7,21.3,59.2,,
253,arunachal pradesh,changlang,148226,76948,71278,44027,29147,73174,96630,35018,16414,164,40.5,9.1,13.2,13.8,6.7,22.8,19.2,7,27.5,21.9,59.9,,
254,arunachal pradesh,tirap,111975,57604,54371,29313,18661,47974,71785,25669,14423,98,30.8,8.4,10.9,16.7,7.8,25.2,22.8,8.1,31.6,12.7,44.8,,
255,arunachal pradesh,lower subansiri,83030,41843,41187,29470,24587,54057,55258,20305,7412,55,24.5,9.1,14.2,17.1,7.6,25.7,25.2,10.4,36.6,18,46.7,,
256,arunachal pradesh,kurung kumey,92076,45318,46758,20258,16348,36606,64379,20713,6836,148,13.4,6.9,10.3,14,3.3,19.2,20.1,4.6,26,16.4,39.4,,
257,arunachal pradesh,dibang valley,8004,4414,3590,2614,1822,4436,5113,2088,786,17,28.7,9.4,12.2,20.6,10.6,32.2,28.8,15.5,45.4,20.3,55.4,,
258,arunachal pradesh,lower dibang valley,54080,28053,26027,18087,13762,31849,35140,13254,5652,34,36.8,8.9,13.2,16.7,8.1,25.6,24.8,12.6,38.1,20.6,52.1,,
259,arunachal pradesh,lohit,145726,76221,69505,48380,34682,83062,94890,35493,15195,148,31.9,9.5,9.1,14.8,4.9,22.1,17.4,7,26.6,17.8,53,,
260,arunachal pradesh,anjaw,21167,11507,9660,6523,3467,9990,13913,4755,2456,43,17.5,13,18.3,21.8,7.6,31.1,30.2,11.8,42.6,22.1,66.1,,
261,nagaland,mon,250260,131753,118507,67432,52194,119626,168773,53600,27437,450,39.3,9,13,13.1,7.1,20.4,25.3,10,35.7,6.9,52.4,,
262,nagaland,mokokchung,194622,101092,93530,83479,76015,159494,111243,52853,30363,163,22.3,8.6,10.1,14.7,7.9,23.2,21.6,6.9,28.9,22.2,53,,
263,nagaland,zunheboto,140757,71217,69540,53504,49377,102881,91709,32267,16730,51,18.1,11.1,9.9,22.5,10.5,33.2,29.2,11.8,41.2,8,48.9,,
264,nagaland,wokha,166343,84505,81838,67385,60823,128208,106951,40510,18811,71,20.6,12.2,18.8,16,7.6,24.3,23.2,12,35.7,12.9,50.4,,
265,nagaland,dimapur,378811,197394,181417,150142,127895,278037,243392,98601,36618,200,5.7,12,14.1,11,5.2,18.6,12,6.9,20.8,16.4,44,56487.71429,400
266,nagaland,phek,163418,83743,79675,57926,47967,105893,108514,37842,16969,93,24.9,9,13.4,14.8,10.3,25.9,21.1,12.2,33.8,9.9,45.5,,
267,nagaland,tuensang,196596,101933,94663,63653,53858,117511,134573,43210,18762,51,22,6.4,10.5,12.3,7.8,20.4,17.1,6.8,24.3,14.9,50.2,,
268,nagaland,longleng,50484,26502,23982,16139,13720,29859,33970,11210,5271,33,38.3,10.2,14.5,14.1,7.2,22.6,20.5,8.7,30,7.9,54,,
269,nagaland,kiphire,74004,37830,36174,22675,18557,41232,52699,14955,6309,41,8.8,7.8,11.7,10.2,4.1,15.3,15.3,5.2,22,10.1,44.2,,
270,nagaland,kohima,267988,138966,129022,107038,90451,197489,173701,68485,25557,245,26.7,6.6,9.9,15.2,9.8,25.7,19.8,11.2,31.1,14.4,47.9,,
271,nagaland,peren,95219,49714,45505,34584,27620,62204,64393,21597,9156,73,5.4,8,14.6,13.2,5.1,19.8,19.7,7.2,27.7,13.4,49.2,,
272,manipur,senapati,479148,247323,231825,148012,116465,264477,314439,111516,52008,1185,15.4,9.8,10.9,10.8,7.1,18.7,18,9.5,28.2,46.1,63.7,,
273,manipur,tamenglong,140651,72371,68280,47403,37603,85006,90273,33290,16924,164,16.8,11.7,12.7,15.7,4.9,21.5,21.1,7.5,29.4,17.2,52.2,,
274,manipur,churachandpur,274143,138820,135323,104013,91922,195935,168608,67802,37096,637,18.2,13.5,15.2,9.7,4.6,16.3,17,5.8,25.2,62.1,73.8,,
275,manipur,bishnupur,237399,118782,118617,87313,69020,156333,135220,62907,38815,457,9.3,13.4,15.8,13.9,5.3,23.6,18,8.6,31.3,48.8,60.2,,
276,manipur,thoubal,422168,210845,211323,152617,116687,269304,251975,107196,62060,937,19.1,10.6,12.9,13.8,6.5,23.2,20.4,10.5,33.4,47.9,58.5,,
277,manipur,imphal west,517992,255054,262938,205985,186641,392626,278940,148146,89394,1512,15.7,16.6,21.8,16.4,6.1,27.5,24.5,10.1,38.4,38,52.3,,
278,manipur,imphal east,456113,226094,230019,173314,151350,324664,261530,123439,70005,1139,7,15.9,18.5,11.9,4.9,21.9,21.6,9.8,36,39.6,53.5,,
279,manipur,ukhrul,183998,94718,89280,70148,59681,129829,113715,43646,25165,1472,17,7.9,11.7,13.3,7.6,22.3,17.3,7.1,25,32.9,69.1,,
280,manipur,chandel,144182,74579,69603,51053,39249,90302,86255,39324,18329,274,16.1,13.4,14.5,12.7,7.4,21.7,19.8,7.7,28.2,47.9,64.7,,
281,mizoram,mamit,86364,44828,41536,32977,27214,60191,55914,20082,10318,50,61.7,11.4,13.4,10.1,2.4,14.3,16.5,3.1,21,70.2,80.6,,
282,mizoram,kolasib,83955,42918,41037,34147,31748,65895,52147,20576,11167,65,61.1,15.7,13.8,10.3,4,16.5,16.9,5.7,24.3,70.6,75.3,,
283,mizoram,aizawl,400309,199270,201039,169547,171048,340595,235892,108094,56092,231,37.5,15.2,17.3,14.1,2.7,23.4,19.8,6.8,33.6,54.7,68.7,,
284,mizoram,champhai,125745,63388,62357,51440,49362,100802,78778,29690,17189,88,64.9,13.4,13.9,9.1,4.5,16.1,13.9,3.9,19.6,66.7,74.5,,197
285,mizoram,serchhip,64937,32851,32086,27598,26878,54476,39568,15894,9404,71,58.8,14.2,13.8,7.7,2.5,11.6,12.5,3.1,17.7,62.7,74.2,,
286,mizoram,lunglei,161428,82891,78537,64515,56607,121122,100250,39690,21424,64,46.5,13.5,17.1,7.7,3.6,13.9,12.7,5.2,20,62.8,75,,
287,mizoram,lawngtlai,117894,60599,57295,36444,26417,62861,80723,25303,11831,37,31.3,11.4,15.4,8.2,3.2,13,12.9,5.4,20.3,65.4,77.2,,
288,mizoram,saiha,56574,28594,27980,21861,20372,42233,37127,12784,6636,27,44.2,9.5,9.3,8.4,3.1,13,16.2,5.2,22.9,70,73.7,,
289,tripura,west tripura,1725739,879428,846311,722998,638356,1361354,940424,499719,284637,959,28.1,18.7,18.1,12.7,6.6,25.1,15.4,7.2,27.1,47.7,55.2,,12
290,tripura,south tripura,876001,447544,428457,351082,295728,646810,505558,236676,133424,343,37.3,18.2,20.4,11.4,4.9,22.4,14.5,4.6,24.2,51,54.3,,28
291,tripura,dhalai,378230,194544,183686,151643,124574,276217,232286,95548,50269,127,44.2,14.5,17,9,3.5,14.5,11.5,4,17.4,55.2,61.3,,66
292,tripura,north tripura,693947,352860,341087,275646,244756,520402,414878,178608,100274,187,28.7,18.3,22.9,9.8,4.5,18.8,10.3,5.2,19.3,52.5,64,,24
293,meghalaya,west garo hills,643291,324159,319132,193438,165264,358702,427629,143604,70599,1459,77.9,12.1,24.6,11.5,2.7,17.4,17.2,3.4,24.7,17.6,58.3,,
294,meghalaya,east garo hills,317917,161223,156694,102513,89634,192147,216742,70424,29926,825,71.9,9.3,16.2,8.5,2.9,15.3,16.4,4.4,23.2,6.3,54,,
295,meghalaya,south garo hills,142334,73170,69164,45003,37059,82062,97082,30605,14495,152,79.5,12.8,23.7,10.1,1.1,15.8,16.6,3.3,22.8,9.7,50.7,,
296,meghalaya,west khasi hills,383461,193715,189746,117307,113371,230678,278569,69988,33431,1473,60.1,5.6,7.6,9.1,4.8,16,11.8,3.8,16.4,50.2,73.3,,
297,meghalaya,ribhoi,258840,132531,126309,80977,74882,155859,183343,52945,22365,187,66.8,8,8.1,7.4,2,13.5,12.3,2.9,16,34.1,60.4,,
298,meghalaya,east khasi hills,825922,410749,415173,287270,290760,578030,545961,192428,86576,957,47.1,9.1,9.4,11.2,5.6,24.5,14.5,4.3,25,29.8,51.9,,
299,meghalaya,jaintia hills,395124,196285,198839,87371,100156,187527,291097,72934,30362,731,74.1,6.3,7.7,9.1,5.9,18.7,11.1,4.3,17.2,49.2,68.5,,
300,assam,kokrajhar,887142,452905,434237,275220,214085,489305,552671,224715,108956,800,50.2,10.1,13.2,11.3,5.3,17.8,13.1,4.8,19.4,25.7,55.5,,163
301,assam,dhubri,1949258,997848,951410,511551,410790,922341,1286592,439375,221745,1546,59.4,8.2,10.4,11.3,5.5,18.2,13.4,4.8,19,21.8,55,,220
302,assam,goalpara,1008183,513292,494891,304302,259275,563577,650509,239831,117427,416,71.1,10.2,13.2,11.1,3.3,16.8,11.5,3.5,17.9,15.6,52,17118,154
303,assam,barpeta,1693622,867004,826618,499038,398020,897058,1072312,405046,215355,909,58.9,14,17,9.6,3.9,17.9,10,3,16.7,14.3,46.4,,273
304,assam,morigaon,957423,486651,470772,289698,250204,539902,612737,225224,118271,1191,62.5,10.3,14.2,12.7,4.9,20.1,12.4,6.7,20.5,29.9,56.9,,116
305,assam,nagaon,2823768,1439112,1384656,921850,788866,1710716,1778277,678034,366112,1345,59.4,15.9,21.4,8.9,2.9,16.4,9.7,2.5,17,18.2,49,42050.85714,369
306,assam,sonitpur,1924110,983904,940206,620525,488047,1108572,1159991,501239,261648,1232,66.9,9.5,11.1,14.5,8,24.8,14.4,7.7,24.5,23.3,59.1,,258
307,assam,lakhimpur,1042137,529674,512463,375552,307934,683486,639385,268872,133615,265,67,9.3,9.4,13,4.4,20.8,15.9,5.3,25,27.2,55.8,16279.42857,124
308,assam,dhemaji,686133,351249,334884,237761,185267,423028,434221,169630,82051,231,66.8,7.8,13.3,10.1,4.6,16,17.4,5.4,24.1,26.2,62.7,,73
309,assam,tinsukia,1327929,680231,647698,453449,344873,798322,799874,352158,175377,520,60,13.9,19.5,9.6,4.7,17.1,12.5,5.4,19.3,23.1,51.1,,119
310,assam,dibrugarh,1326335,676434,649901,491361,393170,884531,767147,371864,186774,550,58.8,15.4,19.2,10.7,4.3,18.1,13.5,4.3,21.4,27.9,57.7,79458.42857,169
311,assam,sivasagar,1151050,589216,561834,444767,368738,813505,648056,330947,171710,337,60.7,15.3,17.2,11.5,5.9,22,15.8,6.8,26,25.5,58.4,60593,225
312,assam,jorhat,1092256,556805,535451,432335,362594,794929,604908,315550,171062,736,60.1,15.3,19,14.3,7.1,25.9,16.7,6.4,26.3,16.5,47.1,,138
313,assam,golaghat,1066888,543161,523727,396475,325289,721764,629153,289085,148244,406,69.3,11.6,14.4,10.7,6.9,20.5,13.9,6.3,22,21.6,52,31817.14286,153
314,assam,karbi anglong,956313,490167,466146,314253,242961,557214,618633,233739,103123,818,54.1,10.7,14.6,10.9,6.5,20.1,15,6.6,22.8,20.5,55,22295.42857,54
315,assam,dima hasao,214102,110802,103300,78559,62314,140873,135463,53699,24830,110,61.9,9.8,13.3,11.2,3.5,17.1,16.9,4,23.5,21.3,55.2,,
316,assam,cachar,1736617,886284,850333,639946,534182,1174128,1048990,444899,241776,952,57.9,13.1,14.4,9.7,3.7,17,9.1,2.9,15.4,33.2,51,46975.57143,176
317,assam,karimganj,1228686,625864,602822,435942,359355,795297,779850,284368,163990,478,64.4,11.5,15.2,9,2.6,16.5,11,2.7,17.2,43,54.2,,96
318,assam,hailakandi,659296,337890,321406,226836,180530,407366,419921,156243,82841,291,53.6,14.2,18.9,12.2,5.8,21.8,15.6,5.6,24.4,45.1,58.3,26580.42857,87
319,assam,bongaigaon,738804,375818,362986,237114,196964,434078,458796,184849,94939,220,57.6,12.6,15,7.9,4,13.6,9.9,3.6,15.9,18.8,45.7,,88
320,assam,chirang,482162,244860,237302,145869,114033,259902,301518,122244,58282,118,61.5,8.8,13.3,14,5.2,20.8,18.5,6.4,25.6,18.6,55.1,,67
321,assam,kamrup,1517542,778461,739081,550219,445100,995319,895775,408232,212740,795,47,18.1,19.6,12,3.9,22.2,10.5,3.7,19.2,14.3,44.7,42745,100
322,assam,kamrup metropolitan,1253938,647585,606353,537227,463964,1001191,659453,401500,190908,2077,45.5,17.1,20.3,8.2,2.6,17,11.4,2.8,20.3,11.8,39.9,,100
323,assam,nalbari,771639,396006,375633,293184,238587,531771,442061,211320,117809,449,52.5,17.4,20.9,12,5,22.5,15.7,5.1,24.9,11.7,42,,141
324,assam,baksa,950075,481330,468745,322614,250223,572837,563089,256282,130083,621,69,13.4,16.1,15,7.2,24.5,17.8,5.3,25,14.9,57.6,,177
325,assam,darrang,928500,475273,453227,268666,218373,487039,583436,226525,118102,437,53.7,11,14.2,9.6,4.3,16.7,8.9,2,14.5,10.2,43,15364.57143,122
326,assam,udalguri,831668,421617,410051,264326,205600,469926,499214,221518,109962,974,70.6,12.1,18,10,7,19.7,15.8,4.1,22.6,12.2,50.8,,17
327,west bengal,darjiling,1846823,937259,909564,717673,597912,1315585,1031221,523288,289979,2335,26.3,13.2,16.5,16.2,10.1,29.2,18.7,8.7,29.5,14.4,49,86447.85714,214
328,west bengal,jalpaiguri,3872846,1983064,1889782,1396622,1102158,2498780,2259507,1035449,575667,2223,35.8,13.8,17.2,12.6,6.3,21.2,15.1,7.1,23.7,19,54.2,120050.1429,439
329,west bengal,koch bihar,2819086,1451542,1367544,1028733,821771,1850504,1623320,744646,448761,2359,36,13.6,18.7,12.8,6.1,21.7,11.3,6.4,20.8,22.3,56.1,,377
330,west bengal,uttar dinajpur,3007134,1551066,1456068,853495,636172,1489667,1916033,704859,385155,1087,21,13.6,18.8,10.4,3.9,16.3,15.9,4.8,23.8,10.2,49.1,,309
331,west bengal,dakshin dinajpur,1676276,857199,819077,596474,487211,1083685,937283,465982,271423,1588,28.3,17.5,22,9.7,4.1,17.6,10.2,3,16.2,12.8,47.2,,269
332,west bengal,maldah,3988845,2051541,1937304,1152019,934413,2086432,2511004,955283,520122,2436,29,16.7,20.2,11.4,5.5,19.3,10.6,4.1,17.8,8.4,45.2,80844.14286,481
333,west bengal,murshidabad,7103807,3627564,3476243,2177187,1878647,4055834,4390564,1717594,991413,4236,28.4,18.4,19.5,10,5.3,18.7,10.9,3.2,16.3,5.1,43.7,129080.7143,698
334,west bengal,birbhum,3502404,1790920,1711484,1201481,956966,2158447,2008655,952059,539463,2227,37.7,16.4,20.9,10.7,4,17.5,9.9,2.1,14.1,8.1,50.3,81172,522
335,west bengal,purba bardhaman,7717563,3966889,3750674,2918040,2329168,5247208,4149420,2265543,1292913,9687,37.2,16.6,21.8,11.5,5.7,21.2,11.5,3.8,18.4,9.9,50.1,,797
336,west bengal,nadia,5167600,2653768,2513832,1878866,1601689,3480555,2745828,1484986,934417,2369,23,20,21.2,11.3,5.3,21.2,10.2,2.7,16,6.8,47.7,116370.7143,466
337,west bengal,north twenty four parganas,10009781,5119389,4890392,4056046,3552647,7608693,5104876,2968996,1921143,14766,30.7,18.8,23.2,11.1,5,19,11.7,3.2,17.1,7,49.8,,751
338,west bengal,hugli,5519145,2814653,2704492,2211777,1866611,4078388,2766489,1688206,1060821,3629,26.5,19.7,22.3,12.2,5.4,24.1,17.7,4.6,26.7,8.1,53.5,,655
339,west bengal,bankura,3596674,1838095,1758579,1299337,933655,2232992,1942335,1014764,637834,1741,43.4,16.2,23.8,11.5,5.1,21,13.8,3.2,20.3,21.5,47.7,105060.1429,660
340,west bengal,puruliya,2930115,1496996,1433119,1002058,622847,1624905,1678057,764776,484166,3116,35.6,15.3,20.7,9.6,3.9,17.5,13.6,3.9,20.4,26.7,51.2,65647.71429,543
341,west bengal,haora,4850029,2500819,2349210,1942824,1662382,3605206,2587164,1423304,833104,6457,20.1,16.9,20.3,13.6,6.8,24,18.7,6,26.8,6,44.7,,457
342,west bengal,kolkata,4496694,2356766,2139928,1926915,1661222,3588137,2025389,1433314,1014769,23222,21.1,21.6,24.3,15.1,4.9,23.9,15,5.1,23.8,6,42.4,706426.8571,
343,west bengal,south twenty four parganas,8161961,4173778,3988183,3043277,2488380,5531657,4763943,2151474,1235558,10986,36.7,16.5,21.3,13.5,5.6,21.5,13,4.3,19.1,6.3,49.8,,1034
344,west bengal,paschim medinipur,5913457,3007885,2905572,2266913,1811499,4078412,3243971,1664250,990179,15057,25.8,17.9,21.7,9.1,5,19.3,10.7,4.3,19,18.8,50.5,,797
345,west bengal,purba medinipur,5095875,2629834,2466041,2149073,1774121,3923194,2866678,1384242,842025,2930,21.5,21.3,24,9.6,4.7,18.1,11.9,4.4,21.3,12.9,40.1,,682
346,jharkhand,garhwa,1322784,683575,639209,405161,248315,653476,860869,284036,177599,280,55.3,12.3,15.7,11.1,5.3,18.3,13.5,7.9,23.4,4.8,46.7,26253.57143,118
347,jharkhand,chatra,1042886,533935,508951,303902,206159,510061,692650,222892,126682,662,46.5,10.8,13.1,8.7,5,16,13.3,6.7,22.1,6.4,49.7,20919.85714,119
348,jharkhand,kodarma,716259,367222,349037,238780,151469,390249,462098,158603,95309,249,56.8,11.2,22.4,8.5,3.7,13.8,13,5.5,20.6,1.4,37.3,,44
349,jharkhand,giridih,2445474,1258098,1187376,783736,469739,1253475,1597269,533788,312967,1450,52.4,10.3,15.9,10.1,5.1,17.4,16.2,6.2,23.9,4.4,44.8,,181
350,jharkhand,deoghar,1492073,775022,717051,489837,303701,793538,944961,338413,205514,3185,53.8,10,13.5,8.6,4.2,14.2,12.5,4.4,18.5,6.6,52,,190
351,jharkhand,godda,1313551,677927,635624,376212,228307,604519,820367,308639,183519,1026,45.9,13.2,16.1,12.4,5.1,18.6,14,4.9,20.2,2.7,45.1,44964.85714,225
352,jharkhand,sahibganj,1150567,589391,561176,287303,195960,483263,745027,261849,137727,5964,34.8,12.8,17.1,8.2,5.2,15,10.6,3.8,16.6,4.7,47.2,,93
353,jharkhand,pakur,900422,452661,447761,206989,145892,352881,587976,206826,104418,1202,52.5,13.3,19.7,10.1,5.7,17.1,13.8,5.4,20.2,5.8,50.8,,136
354,jharkhand,dhanbad,2684487,1405956,1278531,1014950,707254,1722204,1634835,648876,356445,44331,45.7,10.1,13.1,12,4.8,18.5,16.2,6.7,24.9,9.6,45.7,111075.8571,134
355,jharkhand,bokaro,2062330,1072807,989523,759088,514432,1273520,1261238,510375,282115,8602,44.7,9.4,14.8,13.4,6.2,21.5,17.9,8,27.5,9,45,,122
356,jharkhand,lohardaga,461790,232629,229161,149568,110139,259707,298844,100340,62244,362,58.9,10,9.7,11.8,4.7,17.5,14.4,5.1,20.2,12.8,51.7,,89
357,jharkhand,purbi singhbhum,2293919,1176902,1117017,856526,651173,1507699,1292595,632314,368148,862,50.7,11.7,16.5,13.4,4.7,19.8,16.5,4.7,22.4,8.6,38.8,,244
358,jharkhand,palamu,1939869,1006302,933567,621706,402857,1024563,1244572,425668,268387,1242,55.8,9.4,13.1,11,5,18.3,16.1,7.4,24.3,6,48.9,20764.85714,176
359,jharkhand,latehar,726978,369666,357312,209706,140976,350682,484084,152720,89870,304,52.2,9,11.4,8.7,5.7,15.3,14,6.4,22.2,11,51.6,,79
360,jharkhand,hazaribagh,1734495,890881,843614,596113,417136,1013249,1107452,396466,230033,544,55,8.8,13.5,10.6,5.9,18.8,19.4,9.9,30.8,4.8,42.5,49831.28571,179
361,jharkhand,ramgarh,949443,494230,455213,350031,246466,596497,594747,230525,123794,377,49.7,7.5,13.3,12.9,5.8,21.1,15.4,10.2,27.4,8.6,48.5,53880.28571,751
362,jharkhand,dumka,1321442,668514,652928,406275,266134,672409,799323,324226,196164,1729,45.4,10.2,13.6,9.5,4,14.1,13.5,5.4,20,9.6,56.6,,302
363,jharkhand,jamtara,791042,404830,386212,258260,168052,426312,480895,189889,116810,3448,62.9,10.5,12.9,10.1,5.1,17.8,14.2,5.3,21.9,13.6,49.7,111254.5714,144
364,jharkhand,ranchi,2914253,1494937,1419316,1085244,826189,1911433,1742293,725938,409166,36856,43.9,9.7,12,12.9,4.6,19.6,16,5.7,23.1,8.3,45.8,108345.5714,404
365,jharkhand,khunti,531885,266335,265550,164741,119834,284575,327152,125649,78736,348,58.2,8.6,15.7,7.2,3.2,11.7,9,4.5,14.2,16.2,57.2,,
366,jharkhand,gumla,1025213,514390,510823,321795,237925,559720,643579,225871,155452,311,51.7,9,11.6,11,3.4,15.1,14.8,4.6,19.9,14.8,55.5,,275
367,jharkhand,simdega,599578,300309,299269,191991,151492,343483,357859,143560,97817,342,60.6,8.1,9.2,11.6,7.8,20.9,18.4,7.9,26.7,17.6,56.5,,162
368,jharkhand,pashchimi singhbhum,1502338,749385,752953,439273,288288,727561,960987,353305,187635,411,46.7,7.5,11.1,12,4.6,17.8,13.1,5.4,19.5,19.9,56.4,,343
369,jharkhand,seraikela kharsawan,1065056,544411,520645,365332,247661,612993,634975,265892,161542,2647,,,,,,,,,,,,,192
370,orissa,bargarh,1481255,749161,732094,557217,426566,983783,787033,410005,282422,1795,45.5,15.7,15.4,14.2,5.1,22.6,17.6,4.8,24.3,21.2,40.1,53880.28571,259
371,orissa,jharsuguda,579505,296690,282815,228092,177787,405879,320156,159477,98555,1317,37.7,16.6,19,11.5,4.6,20.4,17.3,5,25.3,20.6,45.9,,79
372,orissa,sambalpur,1041099,526877,514222,393192,310499,703691,565700,286575,186726,2098,49.3,11.7,16.6,14.3,5,22.2,18.2,4.1,24.5,22.4,50.8,45525,195
373,orissa,debagarh,312520,158230,154290,112649,85170,197819,176062,81789,53989,680,57.5,10.7,16.9,11.8,5.5,20.1,17,7.8,27.5,20.8,59.2,,53
374,orissa,sundargarh,2093437,1061147,1032290,750147,592175,1342322,1188918,573238,324436,6845,39.3,12.4,13.6,12.6,5.4,21.1,17.2,6.5,25.3,21.9,52.2,104235.5714,460
375,orissa,kendujhar,1801733,906487,895246,605119,447399,1052518,1038890,472908,282751,7184,43.3,11.3,15.8,14.4,5.4,24.1,18.4,5.2,25.1,34.9,64.2,64552.85714,420
376,orissa,mayurbhanj,2519738,1256213,1263525,794171,575226,1369397,1449729,650135,414076,5798,46.5,8.8,12.3,14.3,8.9,26.1,19,7.8,28.8,34.9,62.2,44251.57143,684
377,orissa,baleshwar,2320529,1185787,1134742,902359,718873,1621232,1303828,622575,390611,3515,40.6,12.2,13.8,12.1,5.9,22.9,20.2,6.6,29.5,29.8,44.9,,355
378,orissa,bhadrak,1506337,760260,746077,596269,497871,1094140,848660,393629,260486,3562,44.9,13.7,17.5,12.5,5.1,21.7,17,5.9,26.1,34.1,59.8,,232
379,orissa,kendrapara,1440361,717814,722547,579970,509295,1089265,771284,374559,290894,3624,50,15.7,21.6,12.4,5.4,21.9,14.2,6.9,24.8,30.9,54.9,,278
380,orissa,jagatsinghapur,1136971,577865,559106,481049,407978,889027,577896,317148,238753,3174,56.8,16.9,21.4,14.8,7.1,26.2,19.4,7.4,30.2,25.7,51.1,,225
381,orissa,cuttack,2624470,1352760,1271710,1103033,908436,2011469,1372301,743090,499895,9184,42.3,17.8,21.1,12.1,4.6,22.7,16.2,6.8,27.1,25.8,51,94931.71429,394
382,orissa,jajapur,1827192,926034,901158,706396,584059,1290455,1010147,479392,332706,4947,53.9,15.2,17.5,13.6,6.1,23.8,17.6,7.2,28,34.4,58.8,36092.85714,329
383,orissa,dhenkanal,1192811,612593,580218,464093,365817,829910,641697,326233,222398,2483,55.2,14.7,17,13,7.4,25.3,15,7.3,26,28.2,56,34970,205
384,orissa,anugul,1273821,655718,618103,494425,375031,869456,708493,347521,213517,4290,63.1,16.1,18.2,10.2,3.7,18.9,13.5,4.6,21.1,17.2,56.9,,209
385,orissa,nayagarh,962789,502636,460153,392333,296029,688362,502136,262086,196994,1573,49.3,20.7,24,10.4,5.9,22,10.6,5,18.8,16.9,54.3,,201
386,orissa,khordha,2251673,1167137,1084536,957515,792421,1749936,1199521,653346,391701,7105,43.2,22.1,25,10.1,3.8,20.2,14.6,5,25.1,20.1,44.7,,249
387,orissa,puri,1698730,865380,833350,704857,587082,1291939,888134,477430,328666,4500,61.5,20.7,23.1,10.6,4.9,20.8,14.3,5.4,23.3,25.5,52.6,45621.85714,295
388,orissa,ganjam,3529031,1779218,1749813,1262652,947398,2210050,1980232,924756,613249,10794,51.9,15.3,21.8,12.4,7.1,23.4,16.6,9.1,29.7,17.9,45.1,96478.71429,548
389,orissa,gajapati,577817,282882,294935,153663,108874,262537,345387,144043,85072,3315,39.6,10.9,12,12.6,4.1,19.7,16.4,7,24.9,16.5,36.2,,164
390,orissa,kandhamal,733110,359945,373165,233900,165886,399786,436625,177471,117777,1237,54.5,10.5,12.3,16.8,5.7,24.4,17.7,6.2,24.8,25.5,52,,213
391,orissa,baudh,441162,221625,219537,158648,112964,271612,253467,111571,75046,1078,44.7,10.8,15,13.4,5.1,20.9,17.2,5.7,24,19.1,42.7,,83
392,orissa,subarnapur,610183,311312,298871,230393,168028,398421,341561,153760,113450,1412,45.8,13,12.8,15.4,4.6,22.4,15.3,4,20.5,17.9,39.4,101824.5714,398
393,orissa,balangir,1648997,830097,818900,545672,381588,927260,904026,430011,310876,4084,44,10.8,16,14.7,2.7,20.1,18.1,3.5,24.4,23.7,44.2,37660.85714,278
394,orissa,nuapada,610382,301962,308420,180903,118480,299383,344075,152681,112325,1301,45.3,10.6,12.2,13.9,6,21.4,16.7,5.7,23.6,23.7,48.6,,114
395,orissa,kalahandi,1576869,787101,789768,484177,317859,802036,880160,415778,275533,5398,48.6,11.7,14.4,16.5,7.8,26.4,18.7,6.1,26.2,23.2,50.5,26580.42857,298
396,orissa,rayagada,967911,471960,495951,241959,165776,407735,577569,245766,140825,3751,45.5,12.8,16,9.5,7.2,19.5,15.2,8.1,25.1,29.1,47,,280
397,orissa,nabarangapur,1220946,604812,616134,286984,183395,470379,745206,297552,171761,6427,48.4,7.1,10.3,15.7,4,20.8,18,3.4,22.6,34.4,61.2,101824.5714,335
398,orissa,koraput,1379647,678809,700838,340843,227247,568090,818578,348803,207206,5060,54.6,8.1,12.7,13.5,6.7,21.1,17.4,6.4,24.5,32.7,58,30200.42857,366
399,orissa,malkangiri,613192,303624,309568,147001,97705,244706,381913,146355,83284,1640,47,11.6,13.9,10.5,4.9,17.1,13.5,6.3,20.7,33.5,54.9,,178
400,chhattisgarh,koriya,658917,334737,324180,229923,167900,397823,399581,165022,94073,241,62.8,13.4,14.6,14.5,8.5,25.7,20.4,9.1,30.9,17.5,44.4,,157
401,chhattisgarh,surguja,2359886,1193129,1166757,694686,493255,1187941,1441436,561915,355077,1458,65.1,9,12.5,16.7,9.8,28.5,23.6,12.5,37.5,24,49.3,37635.71429,645
402,chhattisgarh,jashpur,851669,424747,426922,280656,214759,495415,488965,214455,148100,149,80.6,8.3,10.4,17.3,10.4,28.5,21.9,11.6,34.4,21.2,55.8,337457.7143,260
403,chhattisgarh,raigarh,1493984,750278,743706,542756,408883,951639,841958,398257,253488,281,66.3,8.1,13.4,15.5,8.7,26.1,22.7,8.6,31.9,19.1,43.6,53880.28571,751
404,chhattisgarh,korba,1206640,612915,593725,433391,315368,748759,729708,309479,166959,494,60.6,9.6,10.2,14.7,7.5,23.9,21.1,10.1,32.7,18.6,42.6,,235
405,chhattisgarh,janjgir   champa,1619707,815717,803990,593679,425955,1019634,975114,383172,260898,523,74,9,11.2,15.1,5.1,21.6,18.1,9.1,28.3,14.8,40.4,,197
407,chhattisgarh,kabeerdham,822526,412058,410468,248503,165664,414167,515971,198517,107854,184,72.1,8.5,9.4,16.5,6.7,24,19.4,6.6,26.5,13.7,40.2,,
408,chhattisgarh,rajnandgaon,1537133,762855,774278,561355,447024,1008379,898915,404418,233068,732,80.8,10.3,8.2,18.5,8.1,27.7,20.3,7.3,28.3,19,47.3,,342
409,chhattisgarh,durg,3343872,1682101,1661771,1284612,1018766,2303378,1919832,898241,523656,2143,67,11.2,12.2,14.5,5.1,22.6,18.5,5.4,26.5,7.2,36.6,112988.4286,430
410,chhattisgarh,raipur,4063872,2048186,2015686,1493158,1136591,2629749,2454299,1038155,560184,11234,76.9,9.2,9.1,11,3.6,17.7,15,4.5,20.6,10.9,37.5,179962.4286,582
411,chhattisgarh,mahasamund,1032754,511967,520787,364089,273874,637963,582544,272009,177826,375,76.2,7.6,8.5,11.7,4.3,17.9,14.3,5.3,21.4,23.7,43.2,,235
412,chhattisgarh,dhamtari,799781,397897,401884,303924,242909,546833,461125,213021,125429,206,86.8,10.1,14.1,13,5.4,21,16.9,6.3,24.9,14.1,38,,173
413,chhattisgarh,uttar bastar kanker,748941,373338,375603,258298,197744,456042,437598,197603,113450,290,84.8,7.4,8.8,17.2,9.1,27,20.8,8.6,30.2,16.5,39.4,,395
414,chhattisgarh,bastar,1413199,698487,714712,382335,268528,650863,864272,358157,189569,1201,69.3,9,11.4,13.1,7.2,23.7,16.8,5.7,24.1,36.4,55.8,27805.71429,395
415,chhattisgarh,narayanpur,139820,70104,69716,33449,23172,56621,91338,33956,14367,159,83.1,7,8.8,13.4,3.7,18.8,16.1,4.2,21.1,32.7,51.3,101824.5714,16
416,chhattisgarh,dantewada,533638,264142,269496,116529,74708,191237,334987,140188,58170,293,82.2,8.1,10.7,14.8,2.6,19.1,18.5,3.7,23.7,38.1,55.7,,130
417,chhattisgarh,bijapur,255230,128663,126567,54076,32843,86919,167348,63802,23927,153,73.5,8.3,9.2,9.7,3.5,15,16.2,4.5,21.6,44.4,61.9,56487.71429,400
418,madhya pradesh,sheopur,687861,361784,326077,208201,119824,328025,449974,155063,82416,408,27.1,9.6,10.1,13.9,4.1,19.2,17.5,7.4,25.7,13.9,53.4,,117
419,madhya pradesh,morena,1965970,1068417,897553,747652,432033,1179685,1254302,452484,257704,1480,36.3,11.7,16.8,9.6,4.5,14.9,13.6,4.2,19.1,4.9,39.3,49697.28571,229
420,madhya pradesh,bhind,1703005,926843,776162,676513,418404,1094917,1040736,399676,258588,4005,31,12.7,13.8,10.6,3.5,15.2,12,4.3,17,5.6,37.9,32238.14286,230
421,madhya pradesh,gwalior,2032036,1090327,941709,803114,554096,1357210,1218319,519728,291451,2538,40.6,11.1,13,12.6,4.9,19.9,16.9,6.3,25.1,4.6,30.2,77462.42857,120
422,madhya pradesh,datia,786754,420157,366597,303815,187630,491445,473097,195131,118186,340,30.9,12.2,14.6,10.6,3.4,15.3,14.1,4.4,19.7,6.7,44.7,11888.14286,108
423,madhya pradesh,shivpuri,1726050,919795,806255,573242,327604,900846,1106084,389652,227989,2325,38.9,10,15.1,8.9,3.5,13.7,11.2,3.1,15.7,7.5,43.4,29978.42857,267
424,madhya pradesh,tikamgarh,1445166,760355,684811,459353,288587,747940,898323,343824,201875,1144,40.5,12.2,14.9,11.3,1.8,14.4,10.5,2.1,12.9,5.6,53.9,19265.71429,222
425,madhya pradesh,chhatarpur,1762375,936121,826254,572010,371023,943033,1112636,394060,252417,3262,17.1,9,12.7,12.4,3.3,17.2,12.9,3.4,17.5,10.8,60.5,27135.57143,281
426,madhya pradesh,panna,1016520,533480,483040,332140,220419,552559,635347,235035,144827,1311,12.6,8.6,12.5,10.4,4.3,16.1,9.4,3.8,14.4,13.6,55.5,13299.57143,179
427,madhya pradesh,sagar,2378458,1256257,1122201,908607,637112,1545719,1470688,569166,335432,3172,27.5,7,10.6,16.1,6.6,25.3,17.7,6.8,26.4,10.6,51.6,51631.14286,320
428,madhya pradesh,damoh,1264219,661873,602346,445737,301978,747715,768929,312593,181403,1294,21.6,8.5,10,13.6,6.3,22.6,14.6,5,21.4,16.1,55.4,20264.57143,182
429,madhya pradesh,satna,2228935,1157495,1071440,801051,570730,1371781,1365647,535086,326049,2153,22,10.4,15.1,10,4.1,16.2,11.7,3.1,16.3,6.3,55.9,53025.14286,367
430,madhya pradesh,rewa,2365106,1225100,1140006,845572,596185,1441757,1460075,540235,362228,2568,29.4,12.4,14.4,12.7,3.7,17.6,14.9,4.2,20.1,7.6,55.3,38074.28571,369
431,madhya pradesh,umaria,644758,330674,314084,210907,145765,356672,403030,158140,82984,604,19.9,9.4,13.1,14.2,5.8,20.9,17.5,3.8,22.1,13.9,59.1,,124
432,madhya pradesh,neemuch,826067,422653,403414,307889,200945,508834,476995,217403,131227,442,43.3,9.8,10,17.4,7,26,19.5,7.1,28.5,3,31.1,,
433,madhya pradesh,mandsaur,1340411,682851,657560,502898,331693,834591,781000,346861,211815,735,48.4,10.2,11.6,18.2,9.4,29.6,24.5,10.2,36.2,2.3,35.3,37136.14286,223
434,madhya pradesh,ratlam,1455069,738241,716828,485090,340790,825880,876905,363858,213560,746,37.9,7.9,9.7,13.4,6.3,21.3,18.3,5.4,24,3.9,33.9,40487,221
435,madhya pradesh,ujjain,1986864,1016289,970575,730817,510173,1240990,1156749,508302,320502,1311,35.7,8.2,10.8,14.5,6.1,23.3,17.3,6.1,25,4.7,38.1,62683.42857,230
436,madhya pradesh,shajapur,1512681,780520,732161,543509,351103,894612,901161,369741,240768,1011,34.3,7,7.5,14.7,6.8,23.3,17.5,7.2,26.1,5.3,46.6,36092.85714,219
437,madhya pradesh,dewas,1563715,805359,758356,550716,374653,925369,943954,388648,230280,833,35.1,7.9,9.3,14.3,7.6,24.4,18.3,9,28.6,7.3,42.1,46817.42857,228
438,madhya pradesh,dhar,2185793,1112725,1073068,638479,438859,1077338,1377326,533243,273050,2174,30.3,9.7,10.5,13.9,4.3,19.9,14.9,3.8,19.8,7.4,44.1,58464,522
439,madhya pradesh,indore,3276697,1699627,1577070,1289631,1019499,2309130,1877270,894464,493096,11867,40.3,9.9,10.5,13.2,4.1,20.7,15.2,4.3,21.3,4.6,36.3,224656,156
440,madhya pradesh,khargone (west nimar),1873046,953121,919925,575428,410806,986234,1166866,450248,254570,1362,43.7,8.9,9.4,13.6,5.9,21.2,17.6,6.5,24.9,8.5,43,40775,391
441,madhya pradesh,barwani,1385881,699340,686541,313642,236284,549926,923665,302833,158594,789,29.2,8.5,9.6,15.2,4.8,21.1,19.3,4.7,25,9.9,43.8,,350
442,madhya pradesh,rajgarh,1545814,790212,755602,488797,315448,804245,935230,363218,246447,919,27.1,7.6,8.4,14.7,6.7,24.4,15.3,7.1,24,7.5,48.8,30943,220
443,madhya pradesh,vidisha,1458875,769568,689307,512344,350574,862918,919239,335690,203005,941,48.2,12.2,14.1,9.6,4.5,17.2,12.7,4.1,18.1,8.8,54,25952,229
444,madhya pradesh,bhopal,2371061,1236130,1134931,920314,740376,1660690,1405814,625594,330291,9362,50.7,14.3,12.9,11.5,6.8,22.4,18.5,5.1,24.9,8.5,32.9,,75
445,madhya pradesh,sehore,1311332,683743,627589,469208,311154,780362,817608,305605,187611,508,33.2,8.2,10,14.1,8,26,17.9,7,26.6,9.7,47.1,28373,198
446,madhya pradesh,raisen,1331597,700358,631239,479093,341127,820220,832939,316319,181524,815,41,7.9,11.3,12,4.1,19,15,4.1,21.2,9.7,52.1,25661.85714,200
447,madhya pradesh,betul,1575362,799236,776126,529783,409986,939769,938819,392728,242592,1223,51.3,13.6,14.7,11.5,3.9,17.8,15.6,4.7,21.6,11.9,45.7,35163.57143,349
448,madhya pradesh,harda,570465,294838,275627,203807,148743,352550,347774,138882,83417,392,33.3,8.3,10.2,13.8,5.2,21.7,13.6,5.4,20.9,8.6,49,,88
449,madhya pradesh,hoshangabad,1241350,648725,592625,469199,341445,810644,730768,318232,191501,849,28.6,7.1,12.4,14,7,24,18.9,8.5,29.9,21.4,50.4,34605.71429,187
450,madhya pradesh,katni,1292042,662013,630029,460583,330190,790773,778414,326582,185857,1189,18.1,9.3,16,13.1,4.1,18.5,16.5,3.2,20.8,11.7,57.4,,197
451,madhya pradesh,jabalpur,2463289,1277278,1186011,980307,776161,1756468,1387369,679185,391903,4832,61.2,11.3,19.1,15.8,3.5,22.7,12.2,5.5,20.1,18.2,56.6,94229.14286,190
452,madhya pradesh,narsimhapur,1091854,568810,523044,413491,305294,718785,620415,289560,180831,1048,49.4,9.9,13.5,12.6,6.9,23.2,16.9,5.6,24.4,27.2,55.2,23214,168
453,madhya pradesh,dindori,704524,351913,352611,222759,155955,378714,419531,181841,102522,630,47.2,8.8,10.6,16.2,7.9,25.2,21,6.3,27.7,22.8,60.6,224656,218
454,madhya pradesh,mandla,1054905,525272,529633,348033,256929,604962,614794,278553,160510,1048,42.6,11.9,14.6,18.2,4.4,24.9,21.8,7.2,30.4,29.5,57.5,18232.57143,338
455,madhya pradesh,chhindwara,2090922,1064468,1026454,731294,562904,1294198,1232263,535316,321977,1366,48.5,11.1,14.1,10.9,6.2,21.7,14.4,6,22.6,21.1,49,44215.57143,411
456,madhya pradesh,seoni,1379131,695879,683252,485341,378853,864194,809922,363037,205237,935,44.6,11.1,17.2,11.7,6.1,21.1,16.9,6.8,25.7,30.6,57.2,,259
457,madhya pradesh,balaghat,1701698,842178,859520,626468,521155,1147623,969773,453605,276799,1521,68.4,9.7,12,15.4,4.6,22.3,17.7,3.2,21.9,20.2,49.9,31817.14286,290
458,madhya pradesh,guna,1241519,649362,592157,400537,253443,653980,793150,285176,162104,1089,43.1,8.4,9.6,11.8,3.8,17,12.8,4.2,18.2,6,42.1,23389.71429,193
459,madhya pradesh,ashoknagar,845071,443837,401234,290304,178805,469109,535410,194772,114131,758,34.2,11.4,14.1,11.2,3.9,16.3,13.4,5.4,19.8,8.4,46.8,,134
460,madhya pradesh,shahdol,1066063,540021,526042,348761,255433,604194,645619,269145,150655,644,58.4,11.5,16.6,11.9,6.4,19.8,15.5,6.4,23.2,8.6,46.4,16984.71429,288
461,madhya pradesh,anuppur,749237,379114,370123,254120,182475,436595,444954,193520,109813,950,52.8,10.8,14,14,8.5,24.3,18.8,6.5,26.4,16.7,53.8,,180
462,madhya pradesh,sidhi,1127033,575912,551121,353030,247755,600785,721531,253685,150959,858,26.1,8.5,14,12.7,3.5,17.5,19.9,5.2,26,7.4,54.5,16593.42857,215
463,madhya pradesh,singrauli,1178273,613637,564636,359923,225131,585054,771725,267189,138276,1083,58.5,10.6,13.7,13.6,5.1,18.9,18.5,7,25.9,5.8,46,,225
464,madhya pradesh,jhabua,1025048,515023,510025,214582,137499,352081,684200,220769,119681,398,43.7,9.3,11.2,16.9,5.5,23.5,18.2,5,23.7,4.2,35.2,10496.42857,269
465,madhya pradesh,alirajpur,728999,362542,366457,120905,88849,209754,488848,155328,84149,674,42.5,7.3,8,16.7,4.4,22,21.7,5.6,27.7,10.6,46.3,,185
466,madhya pradesh,khandwa (east nimar),1310061,674329,635732,432259,299356,731615,809091,313456,186928,586,38.1,9,9.5,13.9,4.8,21.3,12.6,3.8,17.6,6.9,44.9,24529.14286,216
467,madhya pradesh,burhanpur,757847,388504,369343,233073,175606,408679,469838,181605,106034,370,42.2,7.1,9.1,8.7,3.1,13.9,10.7,3.5,15.9,9.5,35.4,94544.85714,121
468,gujarat,kachchh,2092371,1096737,995634,739239,513080,1252319,1278604,524052,286086,3629,34.3,12.9,13.4,10.8,4.4,19.1,10.7,3.8,18.2,8.9,38.7,,369
469,gujarat,banas kantha,3120506,1610379,1510127,1048402,656521,1704923,1984701,738412,394793,2600,41,12.9,15.8,7.9,2.9,14.3,9.2,4.4,15.7,7.5,37.3,101962.4286,810
470,gujarat,patan,1343734,694397,649337,494631,343282,837913,786357,341381,213465,2531,50.2,18.1,18.8,8.3,3.7,16.3,9.5,3.5,16.3,6.9,38.9,167656.7143,321
471,gujarat,mahesana,2035064,1056520,978544,847499,655146,1502645,1119451,554432,357578,3603,40.7,19.4,21.6,12.9,5.9,22.6,17.9,6.3,27,7.7,36.9,115692.7143,300
472,gujarat,sabar kantha,2428589,1244231,1184358,918625,660109,1578734,1393131,630963,400905,3590,49.3,13.7,16.6,14.7,6.6,24,16.2,7.6,26.1,6.8,37.8,96361.28571,463
473,gujarat,gandhinagar,1391753,723864,667889,582686,447808,1030494,769329,391862,224886,5676,29.7,18.5,18.7,12.6,5.8,23.9,18.4,7,29.3,7.2,33.8,87471.28571,195
474,gujarat,ahmadabad,7214225,3788051,3426174,3025463,2410297,5435760,3952858,2043895,1198152,19320,36.2,20.3,20.1,8.4,3.3,18.5,8.1,3.5,16.2,6.2,33.4,792790.7143,262
475,gujarat,surendranagar,1756268,909917,846351,643221,450405,1093626,1033435,439352,280582,2899,50.4,16.4,19.3,9.9,3.5,17.1,9.1,3.7,14.7,4.7,47.5,82177,284
476,gujarat,rajkot,3804558,1974445,1830113,1514075,1210981,2725056,2080568,1052871,659576,11543,45.1,16.6,15.4,9.4,2.5,17.8,8.9,2.4,14.5,7.2,53.4,248799.2857,531
477,gujarat,jamnagar,2160119,1114192,1045927,795140,601394,1396534,1220598,576319,358455,4747,38.6,15.3,15.5,8.2,3.2,18.1,7.2,2.9,15,7.7,52,172292.1429,347
478,gujarat,porbandar,585449,300209,285240,221621,172057,393678,314886,163777,105638,1148,42.1,16.4,19.5,8.7,3,15.8,11.4,2.6,16.2,16.7,59.7,,73
479,gujarat,junagadh,2743082,1404356,1338726,1046981,795837,1842818,1527888,749156,461650,4388,47.3,18.5,19.3,12.7,5.6,23.3,14.6,3.8,20.8,13.8,54.4,106843.1429,454
480,gujarat,amreli,1514190,771049,743141,558180,437279,995459,836343,389892,282409,5546,47.7,15.5,17.3,8,4.3,18,6.3,3.1,11.5,5,53.7,63211.57143,294
481,gujarat,bhavnagar,2880365,1490201,1390164,1087371,799884,1887255,1708938,720241,445121,6065,32.2,16.4,17.1,9.8,4.1,20.1,11,3.4,18,9.7,50.9,128635.5714,362
482,gujarat,anand,2092745,1087224,1005521,874481,676772,1551253,1134962,585093,366419,6271,36.2,16.6,15.5,15.9,6.1,26.6,16.6,6.9,26.9,7.3,35.8,,302
483,gujarat,kheda,2299885,1185727,1114158,942480,717763,1660243,1260660,628221,388646,22358,32.2,16,18.2,14,6.3,24,16.7,4.3,24.5,13.5,45.8,80764.28571,377
484,gujarat,panchmahal,2390776,1226961,1163815,858054,582751,1440805,1421859,599925,363391,5601,34,13.8,15.2,14.9,6.4,22.5,20.2,6.5,27.6,7.8,42.2,55791.14286,480
485,gujarat,dahod,2127086,1068651,1058435,599035,408136,1007171,1402616,467115,252153,5202,40.3,11.8,11.4,12.8,4,18.2,12.2,3.8,17.7,14.6,55.9,,659
486,gujarat,vadodara,4165626,2153736,2011890,1614087,1278993,2893080,2213474,1190041,733710,28401,41.7,16.6,15.1,13.8,4.9,24.3,14,5.5,23.8,6.8,29.1,,569
487,gujarat,narmada,590297,301086,289211,211767,158569,370336,336830,157910,93466,2091,51.1,10.8,13.1,12,5.6,19.2,14.5,4.8,20.8,14.6,48.8,,214
488,gujarat,bharuch,1551019,805707,745312,623047,495229,1118276,844298,442523,254728,9470,37.4,18,20.5,14.4,4,23.7,16.4,4.7,24.9,11.2,35.1,121684,276
489,gujarat,the dangs,228291,113821,114470,77314,63654,140968,146095,51821,30027,348,44.3,6.7,9.2,18.3,4,22.9,17.5,5.9,24.1,18.5,44.8,,78
490,gujarat,navsari,1329672,678165,651507,539471,462438,1001909,673014,390349,258957,7352,42,16,16.1,14.9,5.4,23.7,14.8,5.5,22.1,9,29.2,,324
491,gujarat,valsad,1705678,887222,818456,655528,515129,1170657,944532,485874,259906,15366,40.6,13.6,17.2,15.5,5.1,23.8,20.1,7.2,29.3,5.3,32.3,101951.5714,408
492,gujarat,surat,6081322,3402224,2679098,2687468,1883942,4571410,3563443,1740746,723415,53718,31.6,14.6,16.1,15.3,4.9,23.4,17.1,3.9,22.6,7.7,32.5,410271.1429,401
493,gujarat,tapi,807022,402188,404834,269007,221029,490036,422047,235019,144575,5381,42.3,15.8,18.2,16.7,7.6,25.2,19.8,6.6,28,10.8,35.6,,256
494,daman and diu,diu,52074,25642,26432,20327,17731,38058,30475,13932,7599,68,64,17.3,19.4,9.9,3.1,18.1,9.9,4.9,17.7,1.7,34.5,,3
495,daman and diu,daman,191173,124659,66514,104316,46032,150348,122589,52868,15428,288,32.9,12.8,15.6,9.4,4.6,18.4,13.2,4.7,19.9,2.3,36.1,,4
496,dadra and nagar haveli,dadra and nagar haveli,343709,193760,149949,142521,80709,223230,225103,87888,30346,372,58.8,13.4,16.4,6.8,3.9,13.3,8.4,3.3,13.5,3.3,39.8,,40
497,maharashtra,nandurbar,1648295,833170,815125,512099,394410,906509,1011352,390419,241534,4990,15.3,10.4,10.5,13.8,6.4,23.5,17.8,4.7,24.6,26.7,42.6,,325
498,maharashtra,dhule,2050862,1054031,996831,723388,570528,1293916,1167569,513908,350747,18638,19.8,13.4,15.3,10.4,5.8,21.4,15.8,5.3,25.1,0,15.6,59827.42857,185
499,maharashtra,jalgaon,4229917,2197365,2032552,1629223,1262659,2891882,2352671,1080237,763529,33480,11.9,12.8,15.2,10.9,5.4,20.7,15.6,6.2,24.4,12.6,37.7,148841.1429,513
500,maharashtra,buldana,2586258,1337560,1248698,1048892,830982,1879874,1467457,641840,473071,3890,37.9,10.2,9,12.6,4.7,20.1,14.2,3.5,20.5,12,42.5,57658.28571,389
501,maharashtra,akola,1813906,932334,881572,758977,652304,1411281,998769,483200,327932,4005,40.1,9.6,9.8,11.7,4.2,19.4,12.6,4.2,19.1,10.4,44,43808.42857,72
502,maharashtra,washim,1197160,620302,576858,487703,382214,869917,682919,302425,210185,1631,24.1,8.1,9.1,14.4,4.7,21.9,16.2,3.2,21,14.3,39.1,,229
503,maharashtra,amravati,2888445,1480768,1407677,1207104,1044771,2251875,1540590,783549,553265,11041,31.9,10.3,13.1,10.9,4.8,19.8,12,4.1,18.7,9,40.8,67274.85714,328
504,maharashtra,wardha,1300774,668385,632389,552617,466841,1019458,659540,370227,270107,900,27.1,9,10.4,9.8,2.7,17.1,10,1.8,14,9.5,52.6,41287,173
505,maharashtra,nagpur,4653570,2384975,2268595,1959220,1714588,3673808,2460820,1361821,818467,12462,25.6,10.7,12.8,13.2,3.6,21.3,13.2,2.4,18.3,5,40.2,279217.5714,384
506,maharashtra,bhandara,1200334,605520,594814,488709,411151,899860,626978,333120,232754,7482,30,10.5,10.1,12.2,4.7,21.8,11.4,4.1,19.3,19.7,60.7,32705.14286,220
507,maharashtra,gondiya,1322507,661554,660953,542837,461406,1004243,704214,371908,244111,2274,30.6,7.9,10.2,11.6,5.5,21.8,10.9,5,18.9,17.2,55.1,44964.85714,297
508,maharashtra,gadchiroli,1072942,541328,531614,395110,313255,708365,605217,289448,175518,2759,33.3,7.3,10.3,10.4,3.1,17,11.1,3.7,17.2,26.5,61.4,,431
509,maharashtra,chandrapur,2204307,1123834,1080473,872565,706050,1578615,1163802,629890,403719,6896,28.9,8.8,11.3,12.4,4.8,20.7,14,4.1,20.6,11.3,49.1,75441.42857,319
510,maharashtra,yavatmal,2772348,1419965,1352383,1115980,906594,2022574,1549263,733258,483813,6014,29,10.6,10.7,10.5,3.5,17.2,12.3,4,18.2,12.3,46.6,,513
511,maharashtra,nanded,3361292,1730075,1631217,1255222,934203,2189425,2008314,809135,535827,8016,15.7,9.1,12.1,8.9,4.6,16.7,10.2,4.2,17.3,5.7,36.7,79925.71429,430
512,maharashtra,hingoli,1177345,606294,571051,450551,340192,790743,692117,281905,201828,1495,14.7,10.5,10.7,10.7,3.5,17.4,11.4,3.8,17.4,7.8,32.7,,150
513,maharashtra,parbhani,1836086,942870,893216,666291,491523,1157814,1078349,436486,313455,7796,10.5,11.6,13.4,11.2,4.7,21,13.5,3.7,21.6,7,37.7,52566,231
514,maharashtra,jalna,1959046,1011473,947573,699428,496095,1195523,1150104,454836,341479,12627,9.7,11,13,12.5,4.2,21.8,17.9,3.3,24.8,7,32.5,,216
516,maharashtra,nashik,6107187,3157186,2950001,2397538,1947828,4345366,3580633,1567252,948469,10833,14.7,10.3,12,13.3,5.4,22.5,16.6,7.2,26.1,15.4,35,204496.1429,716
517,maharashtra,thane,11060148,5865078,5195070,4591396,3635765,8227161,6184519,3241888,1579921,53820,22.7,15.7,13.9,13.9,6.1,24.5,19.2,7.1,29.7,6.9,24.2,717048.4286,624
518,maharashtra,mumbai suburban,9356962,5031323,4325639,4223029,3352456,7575485,4936360,2812001,1575566,33035,20.2,19.7,21,15.7,4.4,26.6,18,4.6,28,5.9,20,,
519,maharashtra,mumbai,3085411,1684608,1400803,1410680,1098342,2509022,1553005,933586,583243,15577,30.7,17.5,18.2,14.1,2.1,21,16.9,3.3,23.3,5.3,20.3,,
521,maharashtra,pune,9429408,4924105,4505303,3940210,3231513,7171723,5184734,2624165,1586132,34377,14.4,12.3,15.1,14.3,3.7,22.4,16.1,6.4,25.8,11.7,27.9,814384.2857,529
522,maharashtra,ahmadnagar,4543159,2342825,2200334,1773355,1378535,3151890,2496560,1166245,865139,15215,12,11,12.5,13.4,5.1,23.6,16,6.3,25.3,14.7,37.7,171374.5714,720
523,maharashtra,bid,2585049,1349106,1235943,987185,731322,1718507,1473882,614615,494436,2116,9.3,10.5,12.9,15,8,26.4,16.9,5.9,24.1,6,37.8,,355
524,maharashtra,latur,2454196,1273140,1181056,932432,718240,1650672,1406364,584243,453229,10360,33.6,10.2,11.1,11.1,4.9,18.6,13.7,4.2,19.6,3.7,37.5,,298
525,maharashtra,osmanabad,1657576,861535,796041,644304,493506,1137810,917343,393539,343021,3673,14.8,9.5,11.2,14.1,6.3,23.5,18.1,6.4,26.2,8,44.2,60943.28571,226
526,maharashtra,solapur,4317756,2227852,2089904,1651266,1259410,2910676,2402794,1089900,809935,15127,20.5,11.1,12.2,16.2,6.5,25.7,18.9,5,26.2,10.2,39.2,166693,381
527,maharashtra,satara,3003741,1510842,1492899,1201034,1024660,2225694,1517324,800492,671702,14223,11.4,12,12.9,16.4,6.2,27.2,17.7,8.5,29.8,29.5,40.6,111254.5714,318
528,maharashtra,ratnagiri,1615069,761121,853948,619012,580380,1199392,777431,438905,396967,1766,16.6,16.9,16.5,18.2,8.1,32.4,21.1,8.7,33.9,18.4,31.3,78059.85714,409
529,maharashtra,sindhudurg,849651,417332,432319,348289,317778,666067,382024,242296,222963,2368,13.2,20.6,23.4,21.4,6.9,36.6,24,6.7,37.9,11.5,26.8,,341
530,maharashtra,kolhapur,3876001,1980658,1895343,1559760,1266085,2825845,1972486,1084858,801590,17067,16.5,14.2,16.5,17,6.6,31,19.1,7.1,33.2,9.6,25.8,194201.4286,396
531,maharashtra,sangli,2822143,1435728,1386415,1121550,927917,2049467,1450907,752303,603739,15194,12.3,15.2,18,18.2,6.7,30.1,21.6,5.9,32,11.4,31.5,100892.5714,431
532,andhra pradesh,adilabad,2741239,1369597,1371642,856350,626997,1483347,1536378,704551,422522,77788,63.6,10.8,12.8,13,6.5,23.1,15.5,7.4,26.4,11,29.7,95456.85714,746
533,andhra pradesh,nizamabad,2551335,1250641,1300694,790214,599596,1389810,1399773,676401,437573,37588,52.3,13.5,15.6,13.6,6.7,27.1,18.1,9.1,31.2,8.6,20.6,108558.2857,702
534,andhra pradesh,karimnagar,3776269,1880800,1895469,1257238,949591,2206829,1940234,1031735,728494,75806,58.6,16.8,20,11.8,5.8,25,19.5,8.6,34.7,5.7,19.3,133554.4286,631
535,andhra pradesh,medak,3033288,1523030,1510258,953406,683731,1637137,1735769,779738,509368,8413,61.2,14,19.5,13.7,6.6,26.7,15.7,8.4,28.9,6.4,26.2,104227.4286,638
536,andhra pradesh,hyderabad,3943323,2018575,1924748,1542688,1349467,2892155,2249130,1068243,542669,83281,48.9,21.2,26.8,14.2,5.3,30.2,22,10.2,41.7,1.7,12.4,577892.2857,
537,andhra pradesh,rangareddy,5296741,2701008,2595733,1948784,1589244,3538028,2966988,1455864,738037,135852,58.1,11.3,16.3,14.9,6.3,25.7,19.3,10.3,32.6,5.4,27.3,,462
538,andhra pradesh,mahbubnagar,4053028,2050386,2002642,1158386,782260,1940646,2360874,1027525,637430,27199,70.3,10.8,14.2,14,5.6,24.2,16.5,6.5,26.5,7.5,25.3,113535,946
539,andhra pradesh,nalgonda,3488809,1759772,1729037,1160757,840262,2001019,1932349,897137,651748,7575,64.8,13.8,17,10.4,4.8,19.6,15.6,5.9,25.7,4,24.3,124031.8571,1043
540,andhra pradesh,warangal urban,3512576,1759281,1753295,1179790,885233,2065023,1891954,941452,664872,14298,62,17.1,19,10.8,5.6,24.5,17.6,8.5,32.7,1.5,14,,658
541,andhra pradesh,khammam,2797370,1390988,1406382,901640,728594,1630234,1530602,774583,477955,14230,60.4,17.7,17.7,14.9,6.6,27.6,18.1,8.2,30.8,2,19.5,94600.57143,648
542,andhra pradesh,srikakulam,2703114,1341738,1361376,857824,637557,1495381,1423119,747385,528736,3874,75.6,17.4,17.6,12.8,5.9,22.1,14.4,5.5,22.9,7.1,21.3,100342.5714,632
543,andhra pradesh,vizianagaram,2344474,1161477,1182997,707503,530885,1238388,1206366,666394,451469,20245,76.7,14.3,14.5,12.9,6.6,25.2,14.8,6.4,25.1,11.4,21.5,,690
544,andhra pradesh,visakhapatnam,4290589,2138910,2151679,1422878,1145371,2568249,2274553,1245627,716066,54343,64.9,17,18.2,12.1,5.9,23.9,17,7,29.2,6.3,22.8,221235.2857,505
545,andhra pradesh,east godavari,5154296,2569688,2584608,1716933,1571644,3288577,2724328,1478954,948122,2892,66.4,21.7,27.6,13,6.6,29,17.3,7.3,32.2,3.2,25.5,214087.5714,1203
546,andhra pradesh,west godavari,3936966,1964918,1972048,1379223,1273166,2652389,2051513,1127764,755533,2156,67.6,23.8,18.9,14.7,6.1,28.8,17.7,8.7,31.4,2.2,21.8,164393.7143,815
547,andhra pradesh,krishna,4517398,2267375,2250023,1598959,1410759,3009718,2340943,1284630,833959,57866,68.1,23.3,22.5,13.4,4.3,24,18.6,5.1,28.5,1.4,21.3,203421.8571,847
548,andhra pradesh,guntur,4887813,2440521,2447292,1634726,1325715,2960441,2583462,1371811,928462,4078,71.1,22.7,25.9,14.7,5.9,25.8,18,8.5,31.3,1.6,25.4,220364,639
549,andhra pradesh,prakasam,3397448,1714764,1682684,1107686,796749,1904435,1832695,917391,641707,5655,67.6,23.2,30.2,14.6,6.4,27.8,19.8,8.3,33,2.2,28.2,,314
550,andhra pradesh,sri potti sriramulu nellore,2963557,1492974,1470583,1011922,820267,1832189,1574713,840448,544022,4374,72.3,21.8,21.1,12.7,4.5,23,15.3,5.9,25.1,4.4,26.5,,
551,andhra pradesh,y.s.r.,2882469,1451777,1430692,994699,722067,1716766,1553667,793583,530412,4807,73.3,18.4,22.3,13.6,5.7,23.2,17.8,6.9,27.3,3.1,18,,
552,andhra pradesh,kurnool,4053463,2039227,2014236,1246369,880792,2127161,2368684,1053618,609027,22134,73.3,15.1,20.6,18.3,5.1,27,22.2,7.4,31.8,2.1,19.9,133355.7143,629
553,andhra pradesh,anantapur,4081148,2064495,2016653,1338474,972486,2310960,2189396,1104565,739612,47575,73.2,14.2,16.8,12.4,8.5,23.4,16.2,7.7,26.7,5,20.5,136771.2857,580
554,andhra pradesh,chittoor,4174064,2090204,2083860,1484794,1183084,2667878,2148179,1159053,807430,59402,70.7,17.2,22.4,10.7,5.4,22.7,16.8,5.9,27.1,4.3,18.7,133365.4286,426
555,karnataka,belgaum,4779661,2423063,2356598,1725548,1326484,3052032,2669348,1251116,857143,2054,20.7,12.9,12.2,11.6,4.3,19.4,14.7,4.9,22.2,6.6,28.8,127765.1429,660
556,karnataka,bagalkot,1889752,950111,939641,641388,472024,1113412,1123443,465706,299774,829,22.3,11.8,12.8,11.1,3.8,19.1,13.2,4.9,21,10.7,33.7,,211
558,karnataka,bidar,1703300,870665,832635,597198,445475,1042673,1018195,397120,287271,714,21.4,9,12.5,13,4.2,21.2,15.7,5.4,24.1,8.5,31.2,42087.28571,302
559,karnataka,raichur,1928812,964511,964301,577213,402556,979769,1196670,465173,265810,1159,17.8,8.9,9.2,11.2,4.4,18.5,10.4,4.3,16.7,13.5,28.4,53478.71429,235
560,karnataka,koppal,1389920,699926,689994,468785,340300,809085,855430,330393,202984,1113,20.6,9.6,14.5,11.6,5.6,19.5,14.2,5.1,22.2,19.9,34.1,,209
561,karnataka,gadag,1064570,537147,527423,397178,302999,700177,601578,279069,183409,514,28.3,12.1,13.2,12.1,6.8,22.1,14.7,7.1,23.9,8.5,35.6,,188
562,karnataka,dharwad,1847023,937206,909817,711776,589888,1301664,1017935,505688,322577,823,24.5,13.8,14.1,15.1,6,26.6,15,6.1,23.7,6.8,36.8,72637,196
563,karnataka,uttara kannada,1437169,726256,710913,582099,499807,1081906,742281,412649,281542,697,32,12.7,13.8,14.8,7.1,26.9,14.7,6.8,25.1,10.5,26.1,51487.28571,360
564,karnataka,haveri,1597668,819128,778540,603793,481650,1085443,904453,426094,266586,535,28.8,12.7,15.2,11.1,4.7,21.4,14.4,6.9,24.4,9.2,33.1,,346
565,karnataka,bellary,2452595,1236954,1215641,813440,608181,1421621,1487013,617276,346905,1401,25.7,9.2,11.6,12.7,4.8,21.2,14,4.4,20.9,8.2,26.2,91075.28571,311
566,karnataka,chitradurga,1659456,840843,818613,607188,480204,1087392,891230,460057,306412,1757,35.3,15.1,14.4,18.4,8.4,29.7,19.6,8.6,30.6,14.2,36.9,35610.71429,389
567,karnataka,davanagere,1945497,986400,959097,720637,587903,1308540,1068518,538551,336173,2255,25.2,16.1,17.5,12.6,6.5,24.8,17.6,7.4,29.5,8.9,30,,389
568,karnataka,shimoga,1752753,877415,875338,674938,588078,1263016,913150,513297,325542,764,26.5,15.3,16.7,15.4,7.1,27.2,19.3,7.1,28.7,11.3,32,60973.71429,378
569,karnataka,udupi,1177361,562131,615230,465704,460725,926429,559565,340903,276234,659,50.9,16.7,17.7,16.2,8.2,31.2,18.4,9.1,32.5,7,17.4,,339
570,karnataka,chikmagalur,1137961,566622,571339,438257,380088,818345,564994,341380,230864,723,30,15.6,15.7,18.2,7.7,29.2,19,6,28.7,10.9,32.3,54923.85714,414
571,karnataka,tumkur,2678980,1350594,1328386,1006024,807367,1813391,1351461,760936,564196,2387,31,15.4,19.9,16.3,6.5,27.4,22.3,9.4,34,9.8,26.7,66329.14286,619
572,karnataka,bangalore,9621551,5022661,4598890,4078041,3434235,7512276,5275666,2909575,1424195,12115,28.8,19.4,21.3,21.2,5.6,30.7,21.8,7.5,33.5,2.9,20.9,1067304.571,37
573,karnataka,mandya,1805769,905085,900684,638668,510981,1149649,902307,527236,375100,1126,39.9,16.1,18.2,17,7.6,30.1,20.6,6.2,29.8,5.3,20.1,47890.85714,494
574,karnataka,hassan,1776421,883667,892754,668836,556420,1225256,877340,522039,375918,1124,36.9,16.3,18.7,15.7,7.6,28.1,18,8,29.5,10.9,29,60489.57143,558
575,karnataka,dakshina kannada,2089649,1034714,1054935,864019,802304,1666323,1072417,608450,407902,880,36.3,15.4,14.8,17.5,8.6,30.1,18.5,8.1,29.9,4.4,15.1,127656,195
576,karnataka,kodagu,554519,274608,279911,215302,197575,412877,276918,163360,113919,322,45.6,17.4,19.3,16.1,10.6,31.5,19.5,8.6,33.3,8.7,22.2,,204
577,karnataka,mysore,3001127,1511600,1489527,1063766,898414,1962180,1580116,865220,553705,2086,26.2,13.8,14,13.8,7.3,25.5,18.1,6.8,27.4,6.7,22.7,120984.1429,554
578,karnataka,chamarajanagar,1020791,512231,508560,312957,252322,565279,519046,294903,206003,839,34.4,14.1,14.8,16.9,9.3,28.8,18.9,9.1,29.9,2.8,22.4,,264
579,karnataka,gulbarga,2566326,1301755,1264571,828359,599009,1427368,1570719,604665,388935,2007,17.4,11.4,15.1,10.3,3.4,17,16.1,5.5,24.8,11,33.5,,552
580,karnataka,yadgir,1174271,590329,583942,306751,203252,510003,738451,267222,168186,412,16.7,7.7,13.1,10.6,4.5,17.5,11.2,4.5,18,14.6,31.8,,
581,karnataka,kolar,1536401,776396,760005,564110,452109,1016219,841499,419380,274240,1282,33.9,12.5,15.1,13.2,9,24.3,17.9,8.7,27.9,13,19.2,24676.14286,297
582,karnataka,chikkaballapura,1255104,636437,618667,442158,341064,783222,666451,350299,236864,1490,26.1,11.9,16.5,13.5,7.5,24.1,21.3,9.1,32.5,18.2,20.2,,227
583,karnataka,bangalore rural,990923,509172,481751,385311,303438,688749,535765,278153,176083,922,34.9,13.6,17.7,15.6,7.4,26.7,20.9,8,30.8,13.1,24.8,,210
584,karnataka,ramanagara,1082636,548008,534628,378461,296297,674758,559082,297330,224785,1439,35.7,18.2,19.6,16.1,7.3,28.2,17.8,7.9,29.9,3.6,25.9,172292.1429,251
585,goa,north goa,818008,416677,401331,351738,311322,663060,380926,260533,175035,1514,64.8,20.6,24.9,11,4.1,27.3,15.8,5.6,28.3,2.7,19.2,,139
586,goa,south goa,640537,322463,318074,264085,238342,502427,314480,194872,130605,580,67.7,21.1,23.2,13.6,3,27.7,13.5,3.7,25,2.5,16.9,,67
587,lakshadweep,lakshadweep,64473,33123,31350,28023,24530,52553,33877,19244,11237,115,60.1,19.5,20.7,13.9,6.5,24.8,16.6,5.1,24.7,17.5,28.5,,17
588,kerala,kasaragod,1307375,628613,678762,516476,521016,1037492,688763,369883,246975,1754,44,20.4,22.3,13.5,5.3,26.1,15.9,4.6,26,3.5,14.2,,267
589,kerala,kannur,2523003,1181446,1341557,1012956,1125478,2138434,1187177,741984,588081,5761,47.9,23.8,25,17.2,7.6,31,23.3,5.8,34.8,1.7,12.9,123006,371
590,kerala,wayanad,817420,401684,415736,328136,317449,645585,412806,246590,157326,698,64.8,18.3,17.9,15.1,7.2,28.8,17.7,7.4,28.3,10.6,26,,187
591,kerala,kozhikode,3086293,1470942,1615351,1266939,1348504,2615443,1487644,909581,686109,2959,61.1,22.5,23.9,16,6,29.6,18.9,4,28.4,0.8,11.3,143211.5714,427
592,kerala,malappuram,4112920,1960328,2152592,1597404,1713911,3311315,2406005,1041361,662311,3243,42.8,21.4,24,14.3,4.9,25.4,18.5,4.9,27.4,1.5,12.5,165989.1429,523
593,kerala,palakkad,2809934,1359478,1450456,1122600,1116892,2239492,1395222,802611,608966,3135,53.8,24.6,26.3,17.9,7.8,32.4,22.4,8.5,35.3,5.1,22.5,120473.8571,575
594,kerala,thrissur,3121200,1480763,1640437,1282261,1396287,2678548,1394214,931841,792182,2963,48.7,28.3,31.7,14.3,6.1,31.4,18.1,8.2,36.8,2.3,17.8,169114.2857,432
595,kerala,ernakulam,3282388,1619557,1662831,1425723,1429953,2855676,1396968,1024720,858010,2690,46.2,25.8,25.5,15.7,5,29.6,18.1,5.5,30.2,1.4,15.3,317278.4286,328
596,kerala,idukki,1108974,552808,556166,471881,451129,923010,494456,352163,261471,884,58.1,22.8,23.9,17.6,10.1,34.8,18.2,7.9,31.8,3.7,24.8,,185
597,kerala,kottayam,1974551,968289,1006262,861592,888206,1749798,811653,596302,565048,1548,53.2,28.7,29.4,15.4,8.6,34.2,21,9.2,38.8,1.7,18.3,150014.1429,269
598,kerala,alappuzha,2127789,1013142,1114647,890552,962245,1852797,891512,648522,585591,2164,60.4,25.2,25.4,15.2,6.3,32.1,20.5,7.7,36.2,1.8,18.3,118853.2857,274
599,kerala,pathanamthitta,1197412,561716,635696,499181,563372,1062553,479207,346161,370887,1157,50.1,32.1,34.7,17.7,11.7,42.1,24,9.2,41.9,1.5,22.3,,225
600,kerala,kollam,2635375,1246968,1388407,1074345,1165928,2240273,1177359,795245,660965,1806,56,26.2,30.2,16.3,6.6,32.4,18.6,8.2,35.3,1.6,21.5,138133.7143,288
601,kerala,thiruvananthapuram,3301427,1581678,1719749,1354857,1430551,2785408,1488441,989238,820024,3724,48.7,26.1,36.2,12.3,6,31.4,14.5,6.9,32.1,0.8,15,250134.7143,352
602,tamil nadu,thiruvallur,3728104,1876062,1852042,1495711,1296010,2791721,1925296,1154775,643614,4419,57.4,22.5,23.4,13.2,6.3,26.4,19.6,9.3,32.4,1.7,18.3,,170
603,tamil nadu,chennai,4646732,2335844,2310888,1968079,1808197,3776276,2271657,1468902,899279,6894,58.2,27.2,22.1,16,7,28.8,21.1,7.6,33.2,0.7,8.9,993828.7143,
604,tamil nadu,kancheepuram,3998252,2012958,1985294,1611461,1401921,3013382,2076492,1200284,715895,5581,59.7,22.9,24.3,12.2,6.5,24.3,18.9,8.6,32,4.5,17.5,,212
605,tamil nadu,vellore,3936331,1961688,1974643,1504355,1269573,2773928,2096113,1116437,720713,3068,71.4,20.4,21.4,14.1,7.1,25.9,16.8,6.4,25.6,4.3,14.4,,312
606,tamil nadu,tiruvannamalai,2464875,1235889,1228986,909803,717010,1626813,1301347,683904,477668,1956,69.6,18.8,21.8,12.3,3.9,19.2,16.5,6.2,25.8,4.8,17.2,,371
607,tamil nadu,viluppuram,3458873,1740819,1718054,1234479,961297,2195776,1881463,949892,624042,3476,77.6,17.7,19.9,10,4.2,19,16.6,7.1,26.1,8.8,25.1,165989.1429,517
608,tamil nadu,salem,3482056,1781571,1700485,1285107,1000455,2285562,1737345,1029479,713294,1938,67.5,18,22.7,16.4,6.5,26.6,24.2,7.8,34,6.5,23.5,147606.8571,304
609,tamil nadu,namakkal,1726601,869280,857321,653312,522819,1176131,817905,510413,397064,1219,68.8,19.7,24,14.1,7.3,25.6,20.8,8,31.5,6.6,19.8,,182
610,tamil nadu,erode,2251744,1129868,1121876,828300,664362,1492662,1006543,701326,542295,1580,77.7,16.6,16.1,17,9,29.5,25.7,6.7,36.1,11.1,26.2,,249
611,tamil nadu,the nilgiris,735394,360143,375251,299447,270200,569647,352516,231451,150804,623,74.5,13.6,15,20,10.9,34.2,21.9,9.8,32.9,6.8,21.5,50069.71429,107
612,tamil nadu,dindigul,2159775,1080938,1078837,816180,665654,1481834,1065734,647806,443528,2707,71.9,22.1,25.1,16.6,5.7,25.7,24.3,6.8,34.2,6.5,27.7,,258
613,tamil nadu,karur,1064493,528184,536309,401726,325318,727044,501585,320645,241843,420,74.6,23.4,28.9,12.9,7.1,24.1,18.9,6.1,29.1,5.9,25.5,,100
614,tamil nadu,tiruchirappalli,2722290,1352284,1370006,1087765,951216,2038981,1346661,797258,575960,2411,67.8,22.7,26.5,12,5.4,21.4,18.4,6,28.9,3.5,19.8,,256
615,tamil nadu,perambalur,565223,282157,283066,208011,167812,375823,291371,158218,115151,483,75.5,21,23.2,11.7,3.8,19.8,16.7,5.6,26.1,5.5,20.3,,82
616,tamil nadu,ariyalur,754894,374703,380191,269582,211022,480604,380484,216103,157771,536,71.1,22,24.7,12.4,4.5,20.6,18.5,6.3,27.5,8.7,20.7,,128
617,tamil nadu,cuddalore,2605914,1311697,1294217,1000322,814959,1815281,1364411,764669,473617,3217,64.4,20.5,20.7,11.8,4.5,20.1,16.9,8.3,27,7.5,24.4,,286
618,tamil nadu,nagapattinam,1616450,798127,818323,640916,572092,1213008,828444,463326,323706,974,70.9,19.4,19.9,13.3,7.1,24.5,19.9,9.4,32.1,10.4,24.9,,226
619,tamil nadu,thiruvarur,1264277,626693,637584,503085,443386,946471,627880,377118,257116,2163,75.2,26.5,25.9,14.4,5.1,23.8,18,7.8,31,11.5,24.3,,170
620,tamil nadu,thanjavur,2405890,1182416,1223474,944264,846734,1790998,1193095,712017,499235,1543,70.6,23.3,29,17,7,28.8,19.7,10,34.6,7.6,22.4,78733.14286,161
621,tamil nadu,pudukkottai,1618345,803188,815157,608776,501769,1110545,835853,470428,311175,889,72.9,18.5,23,11.7,5.3,23,17.3,7.5,30.2,7.6,28.3,,233
622,tamil nadu,sivaganga,1339101,668672,670429,526304,433440,959744,666218,391356,280462,1065,67.7,22.7,26.2,13,3.9,22,14.9,6.8,26,2.4,17.5,,162
623,tamil nadu,madurai,3038252,1526475,1511777,1223810,1049620,2273430,1528178,913715,593827,2532,66.3,21.2,22.7,15.9,5.4,25.6,22.4,6,31.8,0.8,20.3,149841.8571,216
624,tamil nadu,theni,1245899,625683,620216,479403,390677,870080,618923,373564,252267,1145,67.4,22.9,23.1,20,6.1,28.7,25.4,7.9,35.6,4.3,21.3,,34
625,tamil nadu,virudhunagar,1942288,967709,974579,760375,638413,1398788,987538,575006,378174,1570,51.3,19.2,21.6,10.2,4.3,20.2,13.3,6,22.9,1.8,18.8,,160
626,tamil nadu,ramanathapuram,1353445,682658,670787,536487,442459,978946,708322,389764,252888,2471,69.7,17.2,20.2,14.1,6,23.3,18.4,7.4,28.2,1.1,22.8,41112.71429,146
627,tamil nadu,thoothukkudi,1750176,865021,885155,703106,646591,1349697,887717,499377,361374,1708,57.8,22,25.4,15.5,5.2,24.5,17.3,7.5,28.2,1.4,18.5,,
628,tamil nadu,tirunelveli,3077233,1520912,1556321,1210710,1062747,2273457,1554277,876129,644563,2264,61.3,21,22.3,12.8,5.8,22.1,15.5,6.4,25.5,0.7,16.3,127504.2857,205
629,tamil nadu,kanniyakumari,1870374,926345,944029,780541,768197,1548738,887052,556548,425849,925,64.1,29,25.2,13.5,6.3,24.4,19.5,6.1,30.2,1,11,76318.14286,56
630,tamil nadu,dharmapuri,1506843,774303,732540,527599,390110,917709,804186,434328,267536,793,75.5,15.4,18.1,15,8.1,25.8,20.6,8.3,30.8,7.9,24.6,,132
631,tamil nadu,krishnagiri,1879809,960232,919577,667062,520896,1187958,1034474,533183,311238,914,73.6,14,15,14.9,6.2,23.5,16.4,7.3,25.3,8.2,20.3,,164
632,tamil nadu,coimbatore,3458045,1729297,1728748,1394790,1241117,2635907,1579517,1117221,757738,3569,61,19.1,18.3,17.1,7.9,29.2,23.3,7.6,33.3,5.5,21.4,262184.4286,284
633,tamil nadu,tiruppur,2479052,1246159,1232893,959623,800943,1760566,1177987,794639,504674,1752,59.9,18.3,18.6,15.8,7.4,26.8,19,7,28.9,5.7,22.8,,
634,pondicherry,yanam,55626,27301,28325,19919,19355,39274,31973,15235,8402,16,29.2,22,24.7,16.3,7.9,32.2,20,8.4,33.3,0.8,10.3,,
635,pondicherry,pondicherry,950289,468258,482031,380946,345703,726649,473705,299746,176204,634,31.3,19.1,21,11.5,3.5,22.7,20,6.1,31.1,2.1,14,,
636,pondicherry,mahe,41816,19143,22673,16610,19860,36470,19760,12543,9428,85,23.6,27.1,28.6,20.2,9.3,33.3,24.8,9.4,37.7,1,12.6,,
637,pondicherry,karaikal,200222,97809,102413,79903,75013,154916,102333,60089,37434,366,26.9,22.4,22.8,12.1,4.1,20.5,14.5,6.6,24.4,5.1,19.5,,19
638,andaman and nicobar islands,nicobars,36842,20727,16115,15397,9935,25332,18786,12088,5922,46,2.7,13.1,15.4,23.2,8.5,35.4,32.9,11.1,47,63.5,76.8,,47
639,andaman and nicobar islands,north  and middle andaman,105597,54861,50736,43186,35497,78683,57350,30741,17464,42,2.1,16.7,18.3,18.4,4,27.4,22.6,6,32.2,46.8,70.5,,37
640,andaman and nicobar islands,south andaman,238142,127283,110859,105794,84472,190266,128402,76332,33128,280,1.2,18.4,18.1,12.7,4.9,23,17.9,6.1,26.9,19.6,50.8,,27
